[1, 0.300973504781723]
[2, 0.31736117601394653]
[3, 0.35585257411003113]
[4, 0.37230151891708374]
[5, 0.3324926793575287]
[6, 0.37876009941101074]
[7, 0.39687347412109375]
[8, 0.42566511034965515]
[9, 0.40309926867485046]
[10, 0.5163259506225586]
[11, 0.3837578296661377]
[12, 0.505464494228363]
[13, 0.5538237690925598]
[14, 0.5084372758865356]
[15, 0.5257805585861206]
[16, 0.5689654350280762]
[17, 0.519923985004425]
[18, 0.7771880030632019]
[19, 0.7682663798332214]
[20, 0.743385910987854]
[21, 0.816539466381073]
[22, 0.7210461497306824]
[23, 0.7270504832267761]
[24, 0.7379788756370544]
[25, 0.9712786674499512]
[26, 0.685349702835083]
[27, 0.7433189749717712]
[28, 0.7289125323295593]
[29, 0.7834868431091309]
[30, 0.7485294342041016]
[31, 0.9693062901496887]
[32, 0.8026261329650879]
[33, 0.8408778309822083]
[34, 0.862583339214325]
[35, 0.8081550598144531]
[36, 0.7853398323059082]
[37, 0.9158792495727539]
[38, 0.8169531226158142]
[39, 0.8245965242385864]
[40, 0.9301424026489258]
[41, 0.8608936667442322]
[42, 0.8448423743247986]
[43, 0.9605175852775574]
[44, 0.8191419839859009]
[45, 0.7547605633735657]
[46, 1.0339027643203735]
[47, 1.110559344291687]
[48, 0.896695613861084]
[49, 0.7812957763671875]
[50, 1.0499563217163086]
[51, 0.6152430772781372]
[52, 0.8725336194038391]
[53, 1.0622414350509644]
[54, 0.9681272506713867]
[55, 0.8285490274429321]
[56, 1.0522035360336304]
[57, 0.8436662554740906]
[58, 0.8936718106269836]
[59, 0.850132942199707]
[60, 0.975285530090332]
[61, 0.7858781814575195]
[62, 0.5858738422393799]
[63, 0.7208722233772278]
[64, 0.9420022368431091]
[65, 1.0242804288864136]
[66, 0.5972650051116943]
[67, 1.0599311590194702]
[68, 0.9626787304878235]
[69, 0.9090954065322876]
[70, 1.1461989879608154]
[71, 1.0340274572372437]
[72, 0.8771953582763672]
[73, 1.1057895421981812]
[74, 0.9676772952079773]
[75, 0.9124479293823242]
[76, 0.7630199790000916]
[77, 0.6792640089988708]
[78, 0.924708366394043]
[79, 0.6498932838439941]
[80, 0.8790004849433899]
[81, 0.8369555473327637]
[82, 1.0462993383407593]
[83, 1.0161375999450684]
[84, 0.8793501257896423]
[85, 0.6857326626777649]
[86, 0.894025981426239]
[87, 0.7597742080688477]
[88, 0.8920708894729614]
[89, 0.8690749406814575]
[90, 0.7742483019828796]
[91, 0.6501863598823547]
[92, 0.7669745683670044]
[93, 1.0932525396347046]
[94, 0.9576875567436218]
[95, 0.7948622107505798]
[96, 0.9268426895141602]
[97, 0.8176223635673523]
[98, 1.032814860343933]
[99, 0.8979480862617493]
[100, 1.0737583637237549]
[101, 0.6457103490829468]
[102, 0.6630069613456726]
[103, 0.8183814883232117]
[104, 0.8915039300918579]
[105, 0.9982529878616333]
[106, 1.0826228857040405]
[107, 1.0394994020462036]
[108, 0.8619375228881836]
[109, 0.6842038035392761]
[110, 0.6655716300010681]
[111, 1.2306958436965942]
[112, 0.9433667063713074]
[113, 0.7490288019180298]
[114, 1.011941909790039]
[115, 1.033776879310608]
[116, 1.0759025812149048]
[117, 0.8441724181175232]
[118, 1.1002721786499023]
[119, 0.9455174803733826]
[120, 1.1094671487808228]
[121, 0.9250416159629822]
[122, 1.1353577375411987]
[123, 0.711796760559082]
[124, 0.9688038229942322]
[125, 0.9181999564170837]
[126, 0.6297915577888489]
[127, 1.2735790014266968]
[128, 0.9175158739089966]
[129, 0.9900674819946289]
[130, 0.6764689683914185]
[131, 1.059879183769226]
[132, 0.8235077261924744]
[133, 0.9187814593315125]
[134, 0.817432701587677]
[135, 1.2091315984725952]
[136, 1.114547848701477]
[137, 1.1139098405838013]
[138, 1.1038035154342651]
[139, 0.8572731018066406]
[140, 0.9295207858085632]
[141, 1.116949439048767]
[142, 0.8082891702651978]
[143, 0.7177314162254333]
[144, 1.152628779411316]
[145, 0.6786976456642151]
[146, 0.8601358532905579]
[147, 0.8261098861694336]
[148, 0.7113968729972839]
[149, 1.2198845148086548]
[150, 0.8276400566101074]
[151, 1.0095151662826538]
[152, 1.2458324432373047]
[153, 0.934186577796936]
[154, 0.9093565940856934]
[155, 0.8128469586372375]
[156, 0.9552422761917114]
[157, 1.262681245803833]
[158, 0.9810451865196228]
[159, 0.9826617240905762]
[160, 0.9917261004447937]
[161, 0.9284391403198242]
[162, 0.9188284277915955]
[163, 1.2769049406051636]
[164, 0.9602010846138]
[165, 1.1546066999435425]
[166, 1.3076435327529907]
[167, 1.2604073286056519]
[168, 0.9145799875259399]
[169, 0.8004091382026672]
[170, 0.700840413570404]
[171, 1.223479151725769]
[172, 1.2562085390090942]
[173, 0.8065071105957031]
[174, 1.4435932636260986]
[175, 0.9983698129653931]
[176, 1.3032861948013306]
[177, 1.2034177780151367]
[178, 0.9336080551147461]
[179, 0.8781237006187439]
[180, 0.798876941204071]
[181, 1.243155837059021]
[182, 0.7197672724723816]
[183, 1.1463884115219116]
[184, 0.8583139777183533]
[185, 1.1396163702011108]
[186, 0.8044808506965637]
[187, 1.247719645500183]
[188, 0.7020925879478455]
[189, 1.1470497846603394]
[190, 0.9184099435806274]
[191, 1.1699280738830566]
[192, 0.8937516212463379]
[193, 1.197561502456665]
[194, 1.0558550357818604]
[195, 0.911271870136261]
[196, 1.042087435722351]
[197, 1.2547962665557861]
[198, 1.1736170053482056]
[199, 0.8772198557853699]
[200, 1.324471116065979]
[201, 1.118193507194519]
[202, 1.079527497291565]
[203, 1.0854824781417847]
[204, 0.9139464497566223]
[205, 0.8613777160644531]
[206, 1.1054285764694214]
[207, 1.1919046640396118]
[208, 0.8303881883621216]
[209, 0.7730968594551086]
[210, 1.180737853050232]
[211, 0.9001235961914062]
[212, 0.8464087843894958]
[213, 0.886304497718811]
[214, 1.1108516454696655]
[215, 0.9302396774291992]
[216, 0.9474690556526184]
[217, 0.986273467540741]
[218, 1.1502324342727661]
[219, 1.075419306755066]
[220, 0.9202253222465515]
[221, 1.0716373920440674]
[222, 0.7643751502037048]
[223, 0.9432610869407654]
[224, 1.0071666240692139]
[225, 0.9465040564537048]
[226, 1.3699959516525269]
[227, 1.0648443698883057]
[228, 1.1242927312850952]
[229, 1.0874996185302734]
[230, 1.105862021446228]
[231, 0.9885274171829224]
[232, 1.026992678642273]
[233, 1.2293034791946411]
[234, 0.8826941847801208]
[235, 1.34469735622406]
[236, 1.4248179197311401]
[237, 1.006950855255127]
[238, 1.4314346313476562]
[239, 1.1612485647201538]
[240, 1.1472151279449463]
[241, 1.2103599309921265]
[242, 1.1295289993286133]
[243, 0.9504030346870422]
[244, 1.1822896003723145]
[245, 1.1511807441711426]
[246, 1.0367424488067627]
[247, 1.1899946928024292]
[248, 0.7284590601921082]
[249, 0.7662578225135803]
[250, 0.9861599206924438]
[251, 0.9157466292381287]
[252, 1.0131405591964722]
[253, 1.0424355268478394]
[254, 0.8403224349021912]
[255, 1.0112683773040771]
[256, 0.9344989657402039]
[257, 1.137825608253479]
[258, 0.835483729839325]
[259, 1.1528959274291992]
[260, 1.0433224439620972]
[261, 0.881809651851654]
[262, 0.7275109887123108]
[263, 0.9062486886978149]
[264, 1.284911870956421]
[265, 1.1417945623397827]
[266, 0.9439868927001953]
[267, 1.0161164999008179]
[268, 1.0530353784561157]
[269, 1.1898704767227173]
[270, 1.2699815034866333]
[271, 1.1110566854476929]
[272, 0.8350648880004883]
[273, 1.0624760389328003]
[274, 1.339630126953125]
[275, 1.127615213394165]
[276, 0.7817126512527466]
[277, 1.1837271451950073]
[278, 1.1554025411605835]
[279, 1.1579840183258057]
[280, 0.9590698480606079]
[281, 1.090740442276001]
[282, 0.9575578570365906]
[283, 0.9337143301963806]
[284, 0.8476381301879883]
[285, 1.178328514099121]
[286, 1.1643096208572388]
[287, 1.391951322555542]
[288, 0.9661924242973328]
[289, 1.323560118675232]
[290, 0.9148164987564087]
[291, 1.1659197807312012]
[292, 1.137397289276123]
[293, 1.057390570640564]
[294, 0.9650617837905884]
[295, 1.0594080686569214]
[296, 1.0171416997909546]
[297, 1.0443089008331299]
[298, 1.0149122476577759]
[299, 0.7933202981948853]
[300, 0.9718602299690247]
[301, 1.4560078382492065]
[302, 0.955532968044281]
[303, 0.971932053565979]
[304, 1.1555155515670776]
[305, 1.029079794883728]
[306, 1.0992344617843628]
[307, 0.8547148108482361]
[308, 1.1799081563949585]
[309, 0.7134388089179993]
[310, 1.2513716220855713]
[311, 1.0632753372192383]
[312, 1.0648868083953857]
[313, 1.0086344480514526]
[314, 1.0569822788238525]
[315, 0.8741860389709473]
[316, 0.9121589660644531]
[317, 1.2644907236099243]
[318, 0.9616360068321228]
[319, 0.883671224117279]
[320, 1.1228989362716675]
[321, 1.009376883506775]
[322, 1.0111671686172485]
[323, 1.1227277517318726]
[324, 1.0477992296218872]
[325, 0.6553495526313782]
[326, 1.046082854270935]
[327, 1.0944948196411133]
[328, 0.9319584965705872]
[329, 1.0994017124176025]
[330, 0.9495540857315063]
[331, 1.0760958194732666]
[332, 1.1303893327713013]
[333, 1.2841061353683472]
[334, 1.0402119159698486]
[335, 1.034976601600647]
[336, 1.0201627016067505]
[337, 1.1625518798828125]
[338, 1.1269830465316772]
[339, 1.1525461673736572]
[340, 1.0181642770767212]
[341, 0.959341824054718]
[342, 1.1093733310699463]
[343, 1.0359653234481812]
[344, 1.252160668373108]
[345, 1.123423457145691]
[346, 1.1174787282943726]
[347, 1.1129451990127563]
[348, 1.016373634338379]
[349, 1.1310828924179077]
[350, 0.9602522253990173]
[351, 1.1551522016525269]
[352, 0.7185999751091003]
[353, 1.2264379262924194]
[354, 1.2461358308792114]
[355, 1.168341040611267]
[356, 0.801719605922699]
[357, 0.6815608143806458]
[358, 1.0872880220413208]
[359, 1.1444647312164307]
[360, 0.8513808250427246]
[361, 1.1068689823150635]
[362, 1.2311289310455322]
[363, 0.92385333776474]
[364, 1.1568940877914429]
[365, 0.9560951590538025]
[366, 1.1008933782577515]
[367, 0.9107229113578796]
[368, 1.1913975477218628]
[369, 1.2795318365097046]
[370, 0.7851938605308533]
[371, 1.0420931577682495]
[372, 1.072792649269104]
[373, 0.9653579592704773]
[374, 1.1544932126998901]
[375, 0.7749659419059753]
[376, 0.9550234079360962]
[377, 0.9634897112846375]
[378, 1.1539894342422485]
[379, 0.9719356894493103]
[380, 1.2489187717437744]
[381, 0.8822334408760071]
[382, 1.1201977729797363]
[383, 1.084368109703064]
[384, 0.951167106628418]
[385, 1.0449249744415283]
[386, 1.1248835325241089]
[387, 1.1498011350631714]
[388, 1.1387373208999634]
[389, 1.2557651996612549]
[390, 1.211694598197937]
[391, 1.0595985651016235]
[392, 0.8710565567016602]
[393, 0.910957932472229]
[394, 0.8454150557518005]
[395, 1.258694052696228]
[396, 0.9090916514396667]
[397, 1.377091646194458]
[398, 1.0030012130737305]
[399, 1.2632322311401367]
[400, 0.8776664733886719]
[401, 1.2729490995407104]
[402, 1.1158490180969238]
[403, 1.1891229152679443]
[404, 1.2604618072509766]
[405, 1.3741282224655151]
[406, 1.2165863513946533]
[407, 0.9441394209861755]
[408, 1.2002800703048706]
[409, 1.160889744758606]
[410, 1.344338297843933]
[411, 1.4966986179351807]
[412, 1.1130179166793823]
[413, 1.3389486074447632]
[414, 0.9116513133049011]
[415, 1.223947525024414]
[416, 1.0123043060302734]
[417, 1.0167773962020874]
[418, 1.1331039667129517]
[419, 0.7573274970054626]
[420, 1.0674129724502563]
[421, 0.9437426924705505]
[422, 0.8741070032119751]
[423, 1.0169588327407837]
[424, 1.0345525741577148]
[425, 1.2939947843551636]
[426, 0.916468620300293]
[427, 1.0749826431274414]
[428, 1.071065902709961]
[429, 0.7819568514823914]
[430, 0.7834367156028748]
[431, 1.1784844398498535]
[432, 1.2896244525909424]
[433, 1.1178747415542603]
[434, 1.140206217765808]
[435, 0.8865548968315125]
[436, 0.8624908328056335]
[437, 1.1453317403793335]
[438, 1.1070001125335693]
[439, 1.0320199728012085]
[440, 1.0058711767196655]
[441, 1.0018850564956665]
[442, 1.3212186098098755]
[443, 0.9180764555931091]
[444, 1.1072399616241455]
[445, 1.2865689992904663]
[446, 0.9496691823005676]
[447, 1.323712706565857]
[448, 0.9112148284912109]
[449, 1.0698741674423218]
[450, 1.2706005573272705]
[451, 1.1312607526779175]
[452, 1.2339004278182983]
[453, 1.2061700820922852]
[454, 1.0414440631866455]
[455, 1.18052077293396]
[456, 1.3809003829956055]
[457, 1.2378358840942383]
[458, 1.1357427835464478]
[459, 1.2457913160324097]
[460, 1.0251225233078003]
[461, 0.9592714309692383]
[462, 1.21104896068573]
[463, 0.9033493399620056]
[464, 1.2190065383911133]
[465, 1.1707314252853394]
[466, 1.177224040031433]
[467, 0.7218949198722839]
[468, 0.9504279494285583]
[469, 0.7339627146720886]
[470, 0.9887496829032898]
[471, 0.903603196144104]
[472, 1.402662754058838]
[473, 0.9326323866844177]
[474, 0.9639726877212524]
[475, 1.3308908939361572]
[476, 0.7644676566123962]
[477, 0.9533550143241882]
[478, 1.2503083944320679]
[479, 1.0919427871704102]
[480, 1.1917376518249512]
[481, 0.877980649471283]
[482, 0.9311010241508484]
[483, 1.1783984899520874]
[484, 1.3985165357589722]
[485, 1.2184271812438965]
[486, 1.3845648765563965]
[487, 0.8525940775871277]
[488, 1.1030538082122803]
[489, 1.0877621173858643]
[490, 1.2443522214889526]
[491, 1.0219634771347046]
[492, 1.060080885887146]
[493, 1.020913004875183]
[494, 0.9345793724060059]
[495, 1.1159454584121704]
[496, 1.1226979494094849]
[497, 1.0469845533370972]
[498, 0.9500107765197754]
[499, 1.3964053392410278]
[500, 0.880693256855011]
[501, 1.2211941480636597]
[502, 1.2889894247055054]
[503, 1.043020248413086]
[504, 1.2094545364379883]
[505, 1.3631938695907593]
[506, 1.06877863407135]
[507, 0.8864901661872864]
[508, 0.7998319268226624]
[509, 0.8706348538398743]
[510, 1.0870245695114136]
[511, 0.9291726350784302]
[512, 1.076433777809143]
[513, 1.2673872709274292]
[514, 1.110678791999817]
[515, 1.2290329933166504]
[516, 1.0490657091140747]
[517, 1.105385422706604]
[518, 1.2026896476745605]
[519, 1.070517897605896]
[520, 0.8496614694595337]
[521, 0.904650866985321]
[522, 1.1671593189239502]
[523, 0.8931485414505005]
[524, 0.9096981883049011]
[525, 1.2045811414718628]
[526, 1.2160446643829346]
[527, 1.1089109182357788]
[528, 0.8716781735420227]
[529, 1.0908797979354858]
[530, 0.9409641623497009]
[531, 1.0938228368759155]
[532, 0.8631688952445984]
[533, 1.1216156482696533]
[534, 1.1169854402542114]
[535, 1.4945093393325806]
[536, 1.1177877187728882]
[537, 0.9796440005302429]
[538, 1.2165826559066772]
[539, 1.0859129428863525]
[540, 1.3523825407028198]
[541, 1.0721396207809448]
[542, 1.2425596714019775]
[543, 1.2158886194229126]
[544, 0.8280731439590454]
[545, 1.3605942726135254]
[546, 1.53093683719635]
[547, 1.542755365371704]
[548, 1.2121676206588745]
[549, 1.159164547920227]
[550, 1.0723992586135864]
[551, 1.4319696426391602]
[552, 0.8840280771255493]
[553, 1.2083420753479004]
[554, 0.948859691619873]
[555, 1.252105474472046]
[556, 0.9289119839668274]
[557, 1.2596259117126465]
[558, 0.8701826930046082]
[559, 1.0940502882003784]
[560, 1.2325811386108398]
[561, 1.307580828666687]
[562, 1.237212061882019]
[563, 1.3391026258468628]
[564, 0.8555163741111755]
[565, 1.0870754718780518]
[566, 0.9118661880493164]
[567, 1.017136812210083]
[568, 1.6506198644638062]
[569, 0.8159336447715759]
[570, 1.3233753442764282]
[571, 1.2410814762115479]
[572, 1.0347126722335815]
[573, 1.405852198600769]
[574, 1.003311038017273]
[575, 1.4682682752609253]
[576, 1.231846809387207]
[577, 1.1410900354385376]
[578, 1.333307147026062]
[579, 1.082520842552185]
[580, 1.1990728378295898]
[581, 1.1433178186416626]
[582, 1.4134210348129272]
[583, 1.0546493530273438]
[584, 1.27532958984375]
[585, 0.9297617077827454]
[586, 1.2305840253829956]
[587, 1.18891179561615]
[588, 1.1187494993209839]
[589, 1.1278775930404663]
[590, 1.314247488975525]
[591, 1.272197961807251]
[592, 1.2512444257736206]
[593, 0.9647534489631653]
[594, 0.9701105356216431]
[595, 1.0546116828918457]
[596, 1.3560340404510498]
[597, 0.9697145819664001]
[598, 1.3858789205551147]
[599, 1.3036644458770752]
[600, 1.2662824392318726]
[601, 1.1277779340744019]
[602, 0.967424213886261]
[603, 0.9982768297195435]
[604, 1.2109183073043823]
[605, 1.3403338193893433]
[606, 1.1994926929473877]
[607, 1.3404693603515625]
[608, 1.1485170125961304]
[609, 1.106479525566101]
[610, 1.4370315074920654]
[611, 0.9547726511955261]
[612, 1.038294792175293]
[613, 0.9397131204605103]
[614, 1.1447919607162476]
[615, 1.181167483329773]
[616, 1.1111644506454468]
[617, 1.1860464811325073]
[618, 1.3207511901855469]
[619, 1.0015977621078491]
[620, 1.3597028255462646]
[621, 1.1813535690307617]
[622, 1.0029796361923218]
[623, 1.335025668144226]
[624, 1.2730296850204468]
[625, 1.5701268911361694]
[626, 0.99261873960495]
[627, 1.0575847625732422]
[628, 1.4174168109893799]
[629, 1.1708885431289673]
[630, 0.7562717199325562]
[631, 1.2700275182724]
[632, 1.1624417304992676]
[633, 1.1937284469604492]
[634, 1.2807272672653198]
[635, 1.3580719232559204]
[636, 0.9107454419136047]
[637, 1.0708489418029785]
[638, 1.3858518600463867]
[639, 0.8685451745986938]
[640, 1.347528100013733]
[641, 1.0648053884506226]
[642, 1.3994916677474976]
[643, 1.1260169744491577]
[644, 1.2451467514038086]
[645, 1.1639626026153564]
[646, 1.2128843069076538]
[647, 1.0268200635910034]
[648, 1.5990794897079468]
[649, 1.4531126022338867]
[650, 1.4786971807479858]
[651, 1.2003202438354492]
[652, 1.2239927053451538]
[653, 1.5494346618652344]
[654, 1.0808649063110352]
[655, 1.2394882440567017]
[656, 1.2507011890411377]
[657, 1.0473637580871582]
[658, 0.9976734519004822]
[659, 1.2294405698776245]
[660, 1.384799599647522]
[661, 1.0617687702178955]
[662, 1.0465649366378784]
[663, 1.4167951345443726]
[664, 1.0366013050079346]
[665, 1.2877787351608276]
[666, 0.9216997027397156]
[667, 1.15656316280365]
[668, 1.1318975687026978]
[669, 1.2801979780197144]
[670, 1.3248363733291626]
[671, 0.7845246195793152]
[672, 0.9531817436218262]
[673, 1.2559130191802979]
[674, 1.0296612977981567]
[675, 1.0601245164871216]
[676, 1.252646803855896]
[677, 0.7069921493530273]
[678, 1.0652426481246948]
[679, 1.2368791103363037]
[680, 0.8115831613540649]
[681, 0.8563002943992615]
[682, 1.398484230041504]
[683, 1.2073720693588257]
[684, 1.0637954473495483]
[685, 0.9512201547622681]
[686, 0.9565221667289734]
[687, 1.1372288465499878]
[688, 1.010676383972168]
[689, 1.228373646736145]
[690, 1.2531723976135254]
[691, 1.1049522161483765]
[692, 1.1155821084976196]
[693, 1.0455962419509888]
[694, 1.355131983757019]
[695, 1.3113071918487549]
[696, 1.3193002939224243]
[697, 1.434067726135254]
[698, 1.0591531991958618]
[699, 0.9459139704704285]
[700, 0.8659477233886719]
[701, 0.9620052576065063]
[702, 0.8523536920547485]
[703, 1.261475682258606]
[704, 1.2626155614852905]
[705, 1.044875144958496]
[706, 1.4037214517593384]
[707, 1.3731592893600464]
[708, 1.3497123718261719]
[709, 0.8130130171775818]
[710, 1.3300150632858276]
[711, 1.1028457880020142]
[712, 1.1781738996505737]
[713, 1.0529307126998901]
[714, 0.9663421511650085]
[715, 1.088614821434021]
[716, 1.2224842309951782]
[717, 1.3898314237594604]
[718, 0.9392591714859009]
[719, 1.3470300436019897]
[720, 1.388028621673584]
[721, 1.2405681610107422]
[722, 1.4972580671310425]
[723, 1.1201164722442627]
[724, 1.2115978002548218]
[725, 1.2285915613174438]
[726, 1.5180107355117798]
[727, 1.3180838823318481]
[728, 1.2858458757400513]
[729, 1.5357474088668823]
[730, 1.0000189542770386]
[731, 0.8780935406684875]
[732, 1.135337233543396]
[733, 1.3317512273788452]
[734, 1.2361143827438354]
[735, 1.4726629257202148]
[736, 1.3221303224563599]
[737, 1.4945197105407715]
[738, 1.3697861433029175]
[739, 1.437529444694519]
[740, 0.9695544242858887]
[741, 1.160122275352478]
[742, 1.259506106376648]
[743, 1.1718577146530151]
[744, 1.31327223777771]
[745, 1.372748851776123]
[746, 1.2509466409683228]
[747, 1.1475927829742432]
[748, 1.1399177312850952]
[749, 1.2400147914886475]
[750, 1.0270540714263916]
[751, 1.1276508569717407]
[752, 1.4345287084579468]
[753, 1.2796214818954468]
[754, 1.19215989112854]
[755, 1.2422813177108765]
[756, 1.5615710020065308]
[757, 1.3529905080795288]
[758, 1.1627029180526733]
[759, 1.3359148502349854]
[760, 1.0307188034057617]
[761, 1.3313307762145996]
[762, 1.3513797521591187]
[763, 1.1750074625015259]
[764, 1.4105693101882935]
[765, 1.0131456851959229]
[766, 1.2899678945541382]
[767, 0.9275181889533997]
[768, 1.437919020652771]
[769, 1.2737153768539429]
[770, 1.1311938762664795]
[771, 1.1171821355819702]
[772, 1.2984036207199097]
[773, 0.8381614089012146]
[774, 1.1103278398513794]
[775, 0.8816949129104614]
[776, 1.1504106521606445]
[777, 1.0764440298080444]
[778, 1.2512325048446655]
[779, 1.4573863744735718]
[780, 1.4652858972549438]
[781, 1.186854600906372]
[782, 0.9987503290176392]
[783, 1.3639482259750366]
[784, 1.2527002096176147]
[785, 1.145450472831726]
[786, 1.652788758277893]
[787, 1.2354816198349]
[788, 1.3731424808502197]
[789, 1.2770581245422363]
[790, 1.2660143375396729]
[791, 0.918613076210022]
[792, 1.2785266637802124]
[793, 0.8375107645988464]
[794, 1.0067914724349976]
[795, 1.468798279762268]
[796, 1.1109249591827393]
[797, 1.2676259279251099]
[798, 0.8149673342704773]
[799, 1.0460699796676636]
[800, 1.4550278186798096]
[801, 1.0073922872543335]
[802, 1.3161898851394653]
[803, 1.0761908292770386]
[804, 0.9709515571594238]
[805, 1.1083102226257324]
[806, 1.4332355260849]
[807, 1.1966776847839355]
[808, 0.8839355707168579]
[809, 1.167815089225769]
[810, 1.3988443613052368]
[811, 1.070962905883789]
[812, 1.3735297918319702]
[813, 1.505728006362915]
[814, 1.1651300191879272]
[815, 1.432861328125]
[816, 1.4006274938583374]
[817, 1.254719614982605]
[818, 1.315033197402954]
[819, 1.4066410064697266]
[820, 1.2134307622909546]
[821, 1.254600167274475]
[822, 1.1190168857574463]
[823, 0.991558849811554]
[824, 1.243873953819275]
[825, 1.2998536825180054]
[826, 1.1679176092147827]
[827, 1.241601824760437]
[828, 1.1538418531417847]
[829, 1.0687803030014038]
[830, 1.4044421911239624]
[831, 1.2631051540374756]
[832, 1.4354900121688843]
[833, 1.208991527557373]
[834, 1.1843299865722656]
[835, 1.4787677526474]
[836, 1.4092422723770142]
[837, 0.9725780487060547]
[838, 1.2706092596054077]
[839, 1.0487602949142456]
[840, 1.4535808563232422]
[841, 1.452649474143982]
[842, 1.072198510169983]
[843, 1.1862142086029053]
[844, 1.1959342956542969]
[845, 0.6762756109237671]
[846, 1.1639537811279297]
[847, 0.9929985404014587]
[848, 1.1267303228378296]
[849, 0.793650209903717]
[850, 1.4318357706069946]
[851, 0.8488079905509949]
[852, 1.178034782409668]
[853, 1.1268116235733032]
[854, 0.8458340764045715]
[855, 0.9830569624900818]
[856, 1.37233567237854]
[857, 1.3209370374679565]
[858, 1.1174132823944092]
[859, 1.2357819080352783]
[860, 1.136489748954773]
[861, 1.2030878067016602]
[862, 1.4054358005523682]
[863, 1.4464651346206665]
[864, 1.2562551498413086]
[865, 1.171723484992981]
[866, 1.4174197912216187]
[867, 0.8989897966384888]
[868, 1.2912107706069946]
[869, 0.8172433972358704]
[870, 1.0587209463119507]
[871, 1.552606463432312]
[872, 1.003830075263977]
[873, 0.9855566024780273]
[874, 0.9291872382164001]
[875, 1.2434296607971191]
[876, 1.365723729133606]
[877, 1.4079443216323853]
[878, 0.8992816805839539]
[879, 1.058477759361267]
[880, 1.166560173034668]
[881, 1.676304817199707]
[882, 0.9273149371147156]
[883, 1.3541630506515503]
[884, 1.5532740354537964]
[885, 1.5295681953430176]
[886, 1.5798453092575073]
[887, 0.5850472450256348]
[888, 1.2048853635787964]
[889, 1.6756073236465454]
[890, 1.4444961547851562]
[891, 1.072343111038208]
[892, 1.3577262163162231]
[893, 1.459272027015686]
[894, 1.2586498260498047]
[895, 1.476247787475586]
[896, 1.229781150817871]
[897, 0.8636469841003418]
[898, 1.3463867902755737]
[899, 1.4553297758102417]
[900, 0.9361692667007446]
[901, 1.2961000204086304]
[902, 1.3292063474655151]
[903, 0.7385403513908386]
[904, 1.2269624471664429]
[905, 1.2932474613189697]
[906, 1.5951557159423828]
[907, 1.1536463499069214]
[908, 1.1303070783615112]
[909, 0.9939099550247192]
[910, 0.8846325874328613]
[911, 0.5043613314628601]
[912, 1.4172314405441284]
[913, 0.8924643397331238]
[914, 1.5109175443649292]
[915, 1.0443865060806274]
[916, 1.2997111082077026]
[917, 1.4678442478179932]
[918, 1.3775619268417358]
[919, 1.3828344345092773]
[920, 0.8800410628318787]
[921, 1.0313304662704468]
[922, 1.4995254278182983]
[923, 1.231765866279602]
[924, 1.4101892709732056]
[925, 1.4199862480163574]
[926, 1.3403267860412598]
[927, 1.5559849739074707]
[928, 1.3157234191894531]
[929, 1.2619030475616455]
[930, 1.1454352140426636]
[931, 1.4162079095840454]
[932, 1.3653486967086792]
[933, 1.2264734506607056]
[934, 1.0894583463668823]
[935, 1.2954202890396118]
[936, 0.7919149398803711]
[937, 1.1810619831085205]
[938, 1.3467715978622437]
[939, 1.26663339138031]
[940, 1.0164673328399658]
[941, 1.0390630960464478]
[942, 1.1018586158752441]
[943, 0.9875728487968445]
[944, 1.2933170795440674]
[945, 1.03672194480896]
[946, 1.374927043914795]
[947, 1.2513312101364136]
[948, 1.4730134010314941]
[949, 1.0660823583602905]
[950, 1.4757753610610962]
[951, 1.0915273427963257]
[952, 1.2331573963165283]
[953, 1.3736704587936401]
[954, 0.8756288886070251]
[955, 1.1000019311904907]
[956, 1.4102376699447632]
[957, 1.3509197235107422]
[958, 1.0052207708358765]
[959, 1.2341201305389404]
[960, 1.0801242589950562]
[961, 1.240914225578308]
[962, 1.4333324432373047]
[963, 1.360864520072937]
[964, 1.027922511100769]
[965, 1.1971575021743774]
[966, 1.180524468421936]
[967, 1.28139328956604]
[968, 1.3003793954849243]
[969, 1.34591805934906]
[970, 1.3449623584747314]
[971, 1.1060138940811157]
[972, 1.201017141342163]
[973, 1.0681825876235962]
[974, 1.2057247161865234]
[975, 1.0369019508361816]
[976, 1.3117989301681519]
[977, 1.3318756818771362]
[978, 1.2033026218414307]
[979, 1.2490322589874268]
[980, 1.0071486234664917]
[981, 1.405702829360962]
[982, 1.3534621000289917]
[983, 1.4715238809585571]
[984, 1.2330772876739502]
[985, 1.1210016012191772]
[986, 1.0768518447875977]
[987, 1.285640001296997]
[988, 1.537469744682312]
[989, 1.530804991722107]
[990, 1.146157145500183]
[991, 1.2555142641067505]
[992, 1.2500667572021484]
[993, 1.198657512664795]
[994, 1.4159411191940308]
[995, 1.0076411962509155]
[996, 1.1177036762237549]
[997, 1.2269474267959595]
[998, 1.0706557035446167]
[999, 1.3301855325698853]
[1000, 1.1274359226226807]
[1001, 1.2891144752502441]
[1002, 1.325847864151001]
[1003, 1.3215904235839844]
[1004, 1.2848881483078003]
[1005, 1.5594640970230103]
[1006, 0.869766354560852]
[1007, 1.3397849798202515]
[1008, 1.3144620656967163]
[1009, 1.3243907690048218]
[1010, 1.2825937271118164]
[1011, 1.357054591178894]
[1012, 1.4190037250518799]
[1013, 1.4400312900543213]
[1014, 1.1799260377883911]
[1015, 0.8418863415718079]
[1016, 1.1123487949371338]
[1017, 1.4023727178573608]
[1018, 1.4933542013168335]
[1019, 1.0927000045776367]
[1020, 1.1547116041183472]
[1021, 1.229711890220642]
[1022, 1.4313517808914185]
[1023, 1.13570237159729]
[1024, 1.3341783285140991]
[1025, 1.3330094814300537]
[1026, 1.3838554620742798]
[1027, 1.4171276092529297]
[1028, 1.1716614961624146]
[1029, 0.9551011919975281]
[1030, 1.1701948642730713]
[1031, 1.4686084985733032]
[1032, 1.1072288751602173]
[1033, 1.3654078245162964]
[1034, 1.5314546823501587]
[1035, 1.4073461294174194]
[1036, 1.3860576152801514]
[1037, 1.0004206895828247]
[1038, 1.0796196460723877]
[1039, 1.2485849857330322]
[1040, 1.5424978733062744]
[1041, 1.2432955503463745]
[1042, 1.3613494634628296]
[1043, 1.2297676801681519]
[1044, 1.019041895866394]
[1045, 1.1199654340744019]
[1046, 0.9487070441246033]
[1047, 1.5078052282333374]
[1048, 1.3499466180801392]
[1049, 1.3998826742172241]
[1050, 0.7835680842399597]
[1051, 1.4924677610397339]
[1052, 1.016683578491211]
[1053, 1.4503670930862427]
[1054, 1.4885138273239136]
[1055, 1.051263451576233]
[1056, 1.6311253309249878]
[1057, 1.2852076292037964]
[1058, 1.329069972038269]
[1059, 0.8721821904182434]
[1060, 0.8272159695625305]
[1061, 1.2314201593399048]
[1062, 1.1783796548843384]
[1063, 1.1273401975631714]
[1064, 1.4612177610397339]
[1065, 1.5364458560943604]
[1066, 0.7939274907112122]
[1067, 1.153100848197937]
[1068, 1.2805861234664917]
[1069, 1.567129373550415]
[1070, 0.9893302321434021]
[1071, 0.781099796295166]
[1072, 1.4823349714279175]
[1073, 0.9961747527122498]
[1074, 1.243731141090393]
[1075, 1.05861234664917]
[1076, 1.4714912176132202]
[1077, 1.3976175785064697]
[1078, 1.5374475717544556]
[1079, 1.0681365728378296]
[1080, 1.3681944608688354]
[1081, 0.9768045544624329]
[1082, 0.8109474182128906]
[1083, 1.5287483930587769]
[1084, 1.2952079772949219]
[1085, 1.3729280233383179]
[1086, 1.2090786695480347]
[1087, 1.1573448181152344]
[1088, 1.4027537107467651]
[1089, 1.3483364582061768]
[1090, 1.159316062927246]
[1091, 1.3413143157958984]
[1092, 1.4203858375549316]
[1093, 1.403878092765808]
[1094, 1.1605098247528076]
[1095, 1.2983567714691162]
[1096, 1.1686285734176636]
[1097, 0.9500247836112976]
[1098, 1.285847544670105]
[1099, 1.2605575323104858]
[1100, 1.5796231031417847]
[1101, 1.2028087377548218]
[1102, 0.9816161394119263]
[1103, 1.2922724485397339]
[1104, 1.1314038038253784]
[1105, 1.3472185134887695]
[1106, 1.2420165538787842]
[1107, 1.692138910293579]
[1108, 1.3979815244674683]
[1109, 0.9975749254226685]
[1110, 1.2179529666900635]
[1111, 1.2371748685836792]
[1112, 1.1588153839111328]
[1113, 1.3933427333831787]
[1114, 1.3647804260253906]
[1115, 1.3130868673324585]
[1116, 1.378525972366333]
[1117, 1.2517107725143433]
[1118, 1.0286287069320679]
[1119, 1.1464533805847168]
[1120, 1.0512453317642212]
[1121, 0.8509352803230286]
[1122, 1.2442489862442017]
[1123, 1.1114888191223145]
[1124, 1.0554741621017456]
[1125, 1.1215890645980835]
[1126, 1.15736722946167]
[1127, 1.126107096672058]
[1128, 1.3016772270202637]
[1129, 1.3686062097549438]
[1130, 1.4066519737243652]
[1131, 1.3283544778823853]
[1132, 1.1856671571731567]
[1133, 1.0885833501815796]
[1134, 0.9405924081802368]
[1135, 1.162896990776062]
[1136, 1.4591296911239624]
[1137, 1.2268673181533813]
[1138, 1.1506688594818115]
[1139, 1.4401342868804932]
[1140, 1.1689077615737915]
[1141, 1.5806058645248413]
[1142, 1.4255344867706299]
[1143, 1.347283959388733]
[1144, 1.3951212167739868]
[1145, 1.3203754425048828]
[1146, 1.3747482299804688]
[1147, 1.1936227083206177]
[1148, 1.3170987367630005]
[1149, 1.4846211671829224]
[1150, 1.0333870649337769]
[1151, 1.0743683576583862]
[1152, 1.1658451557159424]
[1153, 1.2603830099105835]
[1154, 1.1531727313995361]
[1155, 1.2865571975708008]
[1156, 1.029274344444275]
[1157, 0.9288732409477234]
[1158, 1.2371853590011597]
[1159, 1.1493160724639893]
[1160, 1.3762505054473877]
[1161, 1.5332345962524414]
[1162, 1.3175104856491089]
[1163, 1.0759646892547607]
[1164, 0.8707023859024048]
[1165, 1.3130663633346558]
[1166, 1.6421626806259155]
[1167, 1.7531403303146362]
[1168, 1.2331846952438354]
[1169, 1.1806166172027588]
[1170, 1.0456995964050293]
[1171, 1.0685518980026245]
[1172, 1.2630232572555542]
[1173, 1.4534658193588257]
[1174, 1.1758806705474854]
[1175, 1.2899469137191772]
[1176, 1.0943405628204346]
[1177, 0.945329487323761]
[1178, 1.3137894868850708]
[1179, 1.1987007856369019]
[1180, 1.4565162658691406]
[1181, 1.2751291990280151]
[1182, 1.4162321090698242]
[1183, 1.1283048391342163]
[1184, 1.4785988330841064]
[1185, 1.4782015085220337]
[1186, 1.3394125699996948]
[1187, 1.3928943872451782]
[1188, 1.4136908054351807]
[1189, 1.4838228225708008]
[1190, 1.2239916324615479]
[1191, 1.0991346836090088]
[1192, 1.3111361265182495]
[1193, 1.4693820476531982]
[1194, 0.9925975799560547]
[1195, 1.1625242233276367]
[1196, 1.247050404548645]
[1197, 1.4093151092529297]
[1198, 1.5306991338729858]
[1199, 1.3915631771087646]
[1200, 1.4760191440582275]
[1201, 1.1059037446975708]
[1202, 1.5661343336105347]
[1203, 1.126978874206543]
[1204, 1.0106947422027588]
[1205, 1.2554073333740234]
[1206, 1.362526297569275]
[1207, 1.5664424896240234]
[1208, 1.3065874576568604]
[1209, 1.499855399131775]
[1210, 1.469544529914856]
[1211, 1.1829618215560913]
[1212, 1.0828955173492432]
[1213, 1.3882583379745483]
[1214, 1.2643965482711792]
[1215, 1.5056556463241577]
[1216, 1.6835997104644775]
[1217, 1.133726954460144]
[1218, 1.4520623683929443]
[1219, 1.3202812671661377]
[1220, 1.4294317960739136]
[1221, 1.256612777709961]
[1222, 1.3202236890792847]
[1223, 0.9390054941177368]
[1224, 1.3203569650650024]
[1225, 1.1254183053970337]
[1226, 1.226265549659729]
[1227, 0.8742063641548157]
[1228, 1.275018334388733]
[1229, 1.3787025213241577]
[1230, 0.8726358413696289]
[1231, 0.9991076588630676]
[1232, 1.1384586095809937]
[1233, 1.1809724569320679]
[1234, 1.1212645769119263]
[1235, 1.0087226629257202]
[1236, 1.2953059673309326]
[1237, 1.2237838506698608]
[1238, 1.3816231489181519]
[1239, 1.1781538724899292]
[1240, 0.9082115292549133]
[1241, 1.1116266250610352]
[1242, 1.123460054397583]
[1243, 1.2805055379867554]
[1244, 1.2343157529830933]
[1245, 1.2939709424972534]
[1246, 1.4923375844955444]
[1247, 1.1723675727844238]
[1248, 1.2653714418411255]
[1249, 1.350006103515625]
[1250, 1.2066069841384888]
[1251, 1.0145148038864136]
[1252, 0.988292396068573]
[1253, 1.7323551177978516]
[1254, 0.9789447784423828]
[1255, 1.3875139951705933]
[1256, 1.448056697845459]
[1257, 1.6045944690704346]
[1258, 1.2076154947280884]
[1259, 0.9562878012657166]
[1260, 1.5234291553497314]
[1261, 1.6322358846664429]
[1262, 1.2355788946151733]
[1263, 1.0955594778060913]
[1264, 1.3290934562683105]
[1265, 1.2535784244537354]
[1266, 1.3114588260650635]
[1267, 1.2507246732711792]
[1268, 1.1037118434906006]
[1269, 1.046866536140442]
[1270, 1.3497205972671509]
[1271, 1.3942317962646484]
[1272, 1.204714298248291]
[1273, 1.2601650953292847]
[1274, 1.1018667221069336]
[1275, 0.8369404077529907]
[1276, 1.2493771314620972]
[1277, 1.3302192687988281]
[1278, 0.9525904059410095]
[1279, 1.349574327468872]
[1280, 1.2497400045394897]
[1281, 0.9675734639167786]
[1282, 1.2638181447982788]
[1283, 1.020975112915039]
[1284, 1.084392786026001]
[1285, 1.2269185781478882]
[1286, 1.2346738576889038]
[1287, 1.3430625200271606]
[1288, 1.2391499280929565]
[1289, 0.9771490097045898]
[1290, 1.5304155349731445]
[1291, 1.2993322610855103]
[1292, 0.8112205862998962]
[1293, 1.1913024187088013]
[1294, 1.283790946006775]
[1295, 1.0930918455123901]
[1296, 1.4695900678634644]
[1297, 1.243639349937439]
[1298, 1.3641518354415894]
[1299, 0.9672535061836243]
[1300, 1.0549821853637695]
[1301, 1.5049635171890259]
[1302, 1.348137617111206]
[1303, 1.4999278783798218]
[1304, 1.159133791923523]
[1305, 1.1516664028167725]
[1306, 1.2561320066452026]
[1307, 1.1191823482513428]
[1308, 1.071591854095459]
[1309, 1.0573328733444214]
[1310, 1.660705804824829]
[1311, 1.4168535470962524]
[1312, 1.0381741523742676]
[1313, 0.9519519209861755]
[1314, 1.0927194356918335]
[1315, 0.9958189129829407]
[1316, 1.3394109010696411]
[1317, 1.1840593814849854]
[1318, 1.164398431777954]
[1319, 1.259852409362793]
[1320, 1.1084206104278564]
[1321, 1.0470558404922485]
[1322, 1.1814368963241577]
[1323, 1.4490083456039429]
[1324, 1.1679967641830444]
[1325, 1.3701404333114624]
[1326, 1.0950220823287964]
[1327, 1.0413281917572021]
[1328, 1.473983645439148]
[1329, 0.8566276431083679]
[1330, 1.3288592100143433]
[1331, 1.5698778629302979]
[1332, 1.133135199546814]
[1333, 1.4231858253479004]
[1334, 1.0667848587036133]
[1335, 1.547380805015564]
[1336, 1.1625903844833374]
[1337, 1.5232480764389038]
[1338, 1.2100908756256104]
[1339, 1.4592770338058472]
[1340, 1.0222749710083008]
[1341, 1.19729483127594]
[1342, 0.788773238658905]
[1343, 1.2043920755386353]
[1344, 1.2723525762557983]
[1345, 0.9184784293174744]
[1346, 1.218565583229065]
[1347, 1.5668281316757202]
[1348, 1.244719386100769]
[1349, 1.4140363931655884]
[1350, 1.2252726554870605]
[1351, 1.3141670227050781]
[1352, 1.3972371816635132]
[1353, 1.3600796461105347]
[1354, 1.4690529108047485]
[1355, 1.6199531555175781]
[1356, 1.2425172328948975]
[1357, 1.4453588724136353]
[1358, 1.045322060585022]
[1359, 1.2296258211135864]
[1360, 1.4212414026260376]
[1361, 1.2308411598205566]
[1362, 1.614466905593872]
[1363, 1.587204933166504]
[1364, 1.2633802890777588]
[1365, 1.1774787902832031]
[1366, 1.2474305629730225]
[1367, 1.229207992553711]
[1368, 0.9387980699539185]
[1369, 1.2961949110031128]
[1370, 1.0345581769943237]
[1371, 1.447152853012085]
[1372, 1.2414884567260742]
[1373, 1.0733016729354858]
[1374, 1.2756510972976685]
[1375, 1.7731956243515015]
[1376, 1.1738628149032593]
[1377, 1.3358677625656128]
[1378, 1.1280139684677124]
[1379, 1.2696800231933594]
[1380, 0.6598318219184875]
[1381, 1.2858136892318726]
[1382, 1.295211672782898]
[1383, 1.4449245929718018]
[1384, 1.0642889738082886]
[1385, 1.1917848587036133]
[1386, 0.7795446515083313]
[1387, 1.1224393844604492]
[1388, 1.3306198120117188]
[1389, 1.0332187414169312]
[1390, 1.3628829717636108]
[1391, 0.8372454643249512]
[1392, 1.0265251398086548]
[1393, 1.2409425973892212]
[1394, 1.5065923929214478]
[1395, 0.7376801371574402]
[1396, 1.3285478353500366]
[1397, 1.4638413190841675]
[1398, 1.1923143863677979]
[1399, 1.0788180828094482]
[1400, 1.3679627180099487]
[1401, 0.851138710975647]
[1402, 1.127054214477539]
[1403, 1.4188058376312256]
[1404, 0.9348793029785156]
[1405, 1.2910393476486206]
[1406, 0.9268008470535278]
[1407, 1.3823331594467163]
[1408, 1.2784658670425415]
[1409, 1.235973596572876]
[1410, 1.4859501123428345]
[1411, 1.2184709310531616]
[1412, 1.6441078186035156]
[1413, 1.2778549194335938]
[1414, 1.0687531232833862]
[1415, 1.3380662202835083]
[1416, 1.2028343677520752]
[1417, 1.2128616571426392]
[1418, 1.5763410329818726]
[1419, 1.0436620712280273]
[1420, 1.4835302829742432]
[1421, 1.3386681079864502]
[1422, 1.3365602493286133]
[1423, 1.1661726236343384]
[1424, 1.3246155977249146]
[1425, 1.0299692153930664]
[1426, 1.0300878286361694]
[1427, 1.34721839427948]
[1428, 1.1914113759994507]
[1429, 0.9245304465293884]
[1430, 1.252666711807251]
[1431, 0.9715685248374939]
[1432, 1.4495396614074707]
[1433, 0.9322147369384766]
[1434, 1.3814184665679932]
[1435, 1.2881745100021362]
[1436, 1.521697759628296]
[1437, 1.013386607170105]
[1438, 1.2968567609786987]
[1439, 1.2024292945861816]
[1440, 1.3613450527191162]
[1441, 1.2386585474014282]
[1442, 0.9712910652160645]
[1443, 1.469994306564331]
[1444, 1.190588355064392]
[1445, 1.2090195417404175]
[1446, 1.5943832397460938]
[1447, 1.2870420217514038]
[1448, 1.0405384302139282]
[1449, 1.2003469467163086]
[1450, 1.025328516960144]
[1451, 1.366195797920227]
[1452, 1.074607491493225]
[1453, 1.4822391271591187]
[1454, 1.1310415267944336]
[1455, 1.1989960670471191]
[1456, 1.345441460609436]
[1457, 1.5022779703140259]
[1458, 1.145598292350769]
[1459, 1.1236499547958374]
[1460, 1.3666660785675049]
[1461, 1.1248770952224731]
[1462, 1.1810420751571655]
[1463, 1.1139816045761108]
[1464, 1.421245813369751]
[1465, 1.0327068567276]
[1466, 1.2039521932601929]
[1467, 0.944943904876709]
[1468, 0.9436601996421814]
[1469, 1.3615778684616089]
[1470, 1.34407377243042]
[1471, 1.424411416053772]
[1472, 1.1514742374420166]
[1473, 1.4714730978012085]
[1474, 1.1965872049331665]
[1475, 0.8966314196586609]
[1476, 1.5116151571273804]
[1477, 1.1733864545822144]
[1478, 0.7570652365684509]
[1479, 1.036742091178894]
[1480, 1.1211713552474976]
[1481, 1.4308878183364868]
[1482, 0.876459538936615]
[1483, 1.268991470336914]
[1484, 0.7507604956626892]
[1485, 1.3565396070480347]
[1486, 1.1141343116760254]
[1487, 1.1650755405426025]
[1488, 1.1667938232421875]
[1489, 1.2448638677597046]
[1490, 1.096462607383728]
[1491, 1.0739898681640625]
[1492, 1.2654162645339966]
[1493, 1.065226674079895]
[1494, 1.0756913423538208]
[1495, 1.1762945652008057]
[1496, 1.494113802909851]
[1497, 1.1837238073349]
[1498, 1.3291162252426147]
[1499, 1.3531049489974976]
[1500, 1.3056119680404663]
[1501, 0.7952701449394226]
[1502, 1.3264106512069702]
[1503, 1.346764087677002]
[1504, 1.3392664194107056]
[1505, 1.12931489944458]
[1506, 1.3702620267868042]
[1507, 1.004198670387268]
[1508, 0.9979435801506042]
[1509, 1.6777393817901611]
[1510, 1.2942016124725342]
[1511, 1.5373544692993164]
[1512, 1.3274691104888916]
[1513, 1.3702819347381592]
[1514, 0.8679426312446594]
[1515, 1.4308396577835083]
[1516, 1.149482011795044]
[1517, 1.2135080099105835]
[1518, 1.2881584167480469]
[1519, 1.2534369230270386]
[1520, 1.2600656747817993]
[1521, 1.3156225681304932]
[1522, 1.0461208820343018]
[1523, 0.9642125964164734]
[1524, 1.173779845237732]
[1525, 0.9193979501724243]
[1526, 1.2471152544021606]
[1527, 1.273846983909607]
[1528, 1.2806986570358276]
[1529, 1.2423299551010132]
[1530, 1.2966643571853638]
[1531, 1.2606281042099]
[1532, 1.025262713432312]
[1533, 1.3100261688232422]
[1534, 1.185508370399475]
[1535, 1.0811632871627808]
[1536, 1.0524533987045288]
[1537, 0.967938244342804]
[1538, 1.0912927389144897]
[1539, 1.1532166004180908]
[1540, 1.2178105115890503]
[1541, 1.1566203832626343]
[1542, 1.397377848625183]
[1543, 1.2110340595245361]
[1544, 1.1144583225250244]
[1545, 1.3323014974594116]
[1546, 1.289817452430725]
[1547, 1.1201318502426147]
[1548, 1.202315330505371]
[1549, 1.2117608785629272]
[1550, 1.1463648080825806]
[1551, 1.4339560270309448]
[1552, 1.0860868692398071]
[1553, 1.1121952533721924]
[1554, 1.3010669946670532]
[1555, 1.0508226156234741]
[1556, 1.268660545349121]
[1557, 1.5598379373550415]
[1558, 1.1700457334518433]
[1559, 1.1135002374649048]
[1560, 1.0490678548812866]
[1561, 1.4307388067245483]
[1562, 1.3629051446914673]
[1563, 0.8838222622871399]
[1564, 1.3266743421554565]
[1565, 1.232958436012268]
[1566, 1.104089379310608]
[1567, 1.5053507089614868]
[1568, 0.8800968527793884]
[1569, 0.9038395285606384]
[1570, 1.4387613534927368]
[1571, 1.3778527975082397]
[1572, 1.3231004476547241]
[1573, 1.2574678659439087]
[1574, 1.418394684791565]
[1575, 1.3696211576461792]
[1576, 1.1494786739349365]
[1577, 1.388522744178772]
[1578, 1.3018726110458374]
[1579, 1.2551859617233276]
[1580, 1.5181586742401123]
[1581, 1.3469215631484985]
[1582, 1.2685024738311768]
[1583, 1.1568078994750977]
[1584, 1.2710850238800049]
[1585, 1.5072773694992065]
[1586, 1.2316100597381592]
[1587, 1.0381250381469727]
[1588, 1.2570964097976685]
[1589, 1.170519471168518]
[1590, 1.1687052249908447]
[1591, 1.4862804412841797]
[1592, 1.381287693977356]
[1593, 1.2253451347351074]
[1594, 1.4642829895019531]
[1595, 1.0002609491348267]
[1596, 1.1967604160308838]
[1597, 1.4683544635772705]
[1598, 1.275267481803894]
[1599, 1.48301362991333]
[1600, 1.6307133436203003]
[1601, 1.2382912635803223]
[1602, 1.2150322198867798]
[1603, 1.2121161222457886]
[1604, 1.572182297706604]
[1605, 1.3450011014938354]
[1606, 1.2412481307983398]
[1607, 1.420320749282837]
[1608, 1.3270848989486694]
[1609, 1.0524019002914429]
[1610, 1.2374730110168457]
[1611, 1.5191373825073242]
[1612, 1.1788251399993896]
[1613, 1.3639501333236694]
[1614, 1.3767131567001343]
[1615, 1.1476869583129883]
[1616, 1.2542636394500732]
[1617, 1.081222414970398]
[1618, 1.5350395441055298]
[1619, 1.3601293563842773]
[1620, 1.2483125925064087]
[1621, 1.4131404161453247]
[1622, 0.8389596343040466]
[1623, 1.4459894895553589]
[1624, 1.2314001321792603]
[1625, 1.0039764642715454]
[1626, 1.3313267230987549]
[1627, 1.146474838256836]
[1628, 1.1048712730407715]
[1629, 1.1823234558105469]
[1630, 1.3379273414611816]
[1631, 1.4316328763961792]
[1632, 1.4561887979507446]
[1633, 1.3505324125289917]
[1634, 1.0182173252105713]
[1635, 1.2681289911270142]
[1636, 1.1025173664093018]
[1637, 1.4901306629180908]
[1638, 1.294540286064148]
[1639, 1.448160171508789]
[1640, 1.1477710008621216]
[1641, 1.3002604246139526]
[1642, 1.4298181533813477]
[1643, 1.2663230895996094]
[1644, 1.06278395652771]
[1645, 1.370848536491394]
[1646, 1.1548359394073486]
[1647, 1.278754711151123]
[1648, 1.239639163017273]
[1649, 1.3770990371704102]
[1650, 1.3003102540969849]
[1651, 1.1716465950012207]
[1652, 1.4727271795272827]
[1653, 1.0306169986724854]
[1654, 1.4913301467895508]
[1655, 1.5602575540542603]
[1656, 1.4591022729873657]
[1657, 1.1013445854187012]
[1658, 0.7765554785728455]
[1659, 1.6819874048233032]
[1660, 1.4303715229034424]
[1661, 0.8696925044059753]
[1662, 0.8762505650520325]
[1663, 0.8579880595207214]
[1664, 0.9311584830284119]
[1665, 1.3576244115829468]
[1666, 1.037901520729065]
[1667, 1.1893776655197144]
[1668, 1.0266550779342651]
[1669, 1.4859827756881714]
[1670, 1.601723313331604]
[1671, 1.1055234670639038]
[1672, 1.430406928062439]
[1673, 0.8595708012580872]
[1674, 1.4772686958312988]
[1675, 1.002517580986023]
[1676, 1.4816786050796509]
[1677, 1.419493556022644]
[1678, 1.1555556058883667]
[1679, 1.4095920324325562]
[1680, 1.4426023960113525]
[1681, 1.4288161993026733]
[1682, 1.4002283811569214]
[1683, 1.1684123277664185]
[1684, 1.1908773183822632]
[1685, 1.4199000597000122]
[1686, 1.2239634990692139]
[1687, 1.1075773239135742]
[1688, 1.0641733407974243]
[1689, 1.062032699584961]
[1690, 0.9202162027359009]
[1691, 1.4736158847808838]
[1692, 1.2827571630477905]
[1693, 1.5552473068237305]
[1694, 1.2917174100875854]
[1695, 1.0692110061645508]
[1696, 1.1810017824172974]
[1697, 1.261228322982788]
[1698, 1.2881478071212769]
[1699, 1.4142911434173584]
[1700, 1.0677685737609863]
[1701, 1.0785115957260132]
[1702, 1.355025291442871]
[1703, 1.005387544631958]
[1704, 1.1793471574783325]
[1705, 1.2542322874069214]
[1706, 1.286750078201294]
[1707, 1.5098210573196411]
[1708, 1.3266637325286865]
[1709, 1.166618824005127]
[1710, 1.2004401683807373]
[1711, 1.447847604751587]
[1712, 1.3079718351364136]
[1713, 1.369219183921814]
[1714, 1.2723116874694824]
[1715, 0.9523341059684753]
[1716, 1.3274030685424805]
[1717, 1.0646250247955322]
[1718, 1.3756879568099976]
[1719, 1.0116697549819946]
[1720, 1.0926645994186401]
[1721, 1.1413326263427734]
[1722, 1.2088974714279175]
[1723, 1.3088116645812988]
[1724, 1.0443514585494995]
[1725, 1.2090929746627808]
[1726, 1.117269515991211]
[1727, 1.4123848676681519]
[1728, 1.136413812637329]
[1729, 1.1939232349395752]
[1730, 1.1930550336837769]
[1731, 1.3421411514282227]
[1732, 0.8405004739761353]
[1733, 1.1449800729751587]
[1734, 1.0629403591156006]
[1735, 1.2515426874160767]
[1736, 1.1097179651260376]
[1737, 1.233168125152588]
[1738, 1.1110466718673706]
[1739, 1.0675386190414429]
[1740, 1.281338095664978]
[1741, 1.0237897634506226]
[1742, 1.220011591911316]
[1743, 0.7695465683937073]
[1744, 1.2733486890792847]
[1745, 1.0088013410568237]
[1746, 1.3131017684936523]
[1747, 1.1619271039962769]
[1748, 1.3026846647262573]
[1749, 1.1135663986206055]
[1750, 1.381837248802185]
[1751, 1.0608657598495483]
[1752, 1.3611023426055908]
[1753, 1.3670564889907837]
[1754, 1.3897536993026733]
[1755, 1.426364779472351]
[1756, 1.2944952249526978]
[1757, 1.2473748922348022]
[1758, 1.5308325290679932]
[1759, 1.3460662364959717]
[1760, 1.0229326486587524]
[1761, 1.1443428993225098]
[1762, 1.2747507095336914]
[1763, 1.0440500974655151]
[1764, 1.2080446481704712]
[1765, 1.2950018644332886]
[1766, 1.6702543497085571]
[1767, 1.5204228162765503]
[1768, 1.1272042989730835]
[1769, 1.1731418371200562]
[1770, 1.1768752336502075]
[1771, 1.463118314743042]
[1772, 1.1866267919540405]
[1773, 1.0465141534805298]
[1774, 1.2177690267562866]
[1775, 1.2799170017242432]
[1776, 0.9924249053001404]
[1777, 0.9372320175170898]
[1778, 1.4218519926071167]
[1779, 1.0767576694488525]
[1780, 1.3920377492904663]
[1781, 1.4785361289978027]
[1782, 1.2986458539962769]
[1783, 1.063535451889038]
[1784, 1.383144736289978]
[1785, 1.394302248954773]
[1786, 1.1995710134506226]
[1787, 1.0427634716033936]
[1788, 1.242103934288025]
[1789, 1.3090181350708008]
[1790, 1.1631710529327393]
[1791, 1.1848020553588867]
[1792, 1.0317739248275757]
[1793, 1.5006645917892456]
[1794, 0.8692536354064941]
[1795, 0.9704111218452454]
[1796, 1.122374415397644]
[1797, 1.244620680809021]
[1798, 1.549111008644104]
[1799, 1.3903955221176147]
[1800, 1.4070348739624023]
[1801, 1.1991735696792603]
[1802, 1.2084341049194336]
[1803, 1.4658292531967163]
[1804, 1.1015290021896362]
[1805, 1.564911127090454]
[1806, 1.3218125104904175]
[1807, 1.4046896696090698]
[1808, 1.4013423919677734]
[1809, 1.3256860971450806]
[1810, 1.262457251548767]
[1811, 1.3760905265808105]
[1812, 1.4300086498260498]
[1813, 1.1986916065216064]
[1814, 1.461915373802185]
[1815, 0.997340977191925]
[1816, 0.9823883175849915]
[1817, 0.9793583750724792]
[1818, 1.5571695566177368]
[1819, 1.412213921546936]
[1820, 1.1630929708480835]
[1821, 1.2131258249282837]
[1822, 1.5938911437988281]
[1823, 1.437865138053894]
[1824, 1.1657644510269165]
[1825, 1.1036920547485352]
[1826, 1.3898922204971313]
[1827, 1.2568622827529907]
[1828, 1.0548094511032104]
[1829, 1.1045541763305664]
[1830, 1.3542791604995728]
[1831, 1.2835325002670288]
[1832, 1.2946233749389648]
[1833, 1.2524722814559937]
[1834, 1.287442684173584]
[1835, 1.3876794576644897]
[1836, 1.4470394849777222]
[1837, 1.127202033996582]
[1838, 0.7891773581504822]
[1839, 1.3969894647598267]
[1840, 1.3132036924362183]
[1841, 1.3097224235534668]
[1842, 1.3884457349777222]
[1843, 1.370303988456726]
[1844, 1.247169852256775]
[1845, 1.3913767337799072]
[1846, 1.5335155725479126]
[1847, 0.8834764361381531]
[1848, 1.093230128288269]
[1849, 0.8877197504043579]
[1850, 1.3798375129699707]
[1851, 1.574765920639038]
[1852, 1.151488184928894]
[1853, 1.573553442955017]
[1854, 1.259044885635376]
[1855, 1.3302531242370605]
[1856, 1.1270102262496948]
[1857, 1.2560549974441528]
[1858, 0.9677028059959412]
[1859, 1.2350376844406128]
[1860, 1.066268801689148]
[1861, 1.4742752313613892]
[1862, 1.4173086881637573]
[1863, 1.2338742017745972]
[1864, 1.2893561124801636]
[1865, 1.1231673955917358]
[1866, 1.3640583753585815]
[1867, 1.3428274393081665]
[1868, 1.4957808256149292]
[1869, 1.1826189756393433]
[1870, 1.319539189338684]
[1871, 1.328088641166687]
[1872, 1.1607376337051392]
[1873, 1.1062806844711304]
[1874, 1.4834139347076416]
[1875, 1.3116406202316284]
[1876, 0.8176271319389343]
[1877, 1.4362765550613403]
[1878, 1.3633549213409424]
[1879, 0.8806540369987488]
[1880, 1.2051769495010376]
[1881, 1.3947337865829468]
[1882, 1.5260889530181885]
[1883, 1.2802714109420776]
[1884, 1.3862022161483765]
[1885, 1.263789176940918]
[1886, 1.3158222436904907]
[1887, 1.4938881397247314]
[1888, 1.478497862815857]
[1889, 1.430069088935852]
[1890, 1.491011619567871]
[1891, 1.4087514877319336]
[1892, 0.8304163813591003]
[1893, 0.8395048975944519]
[1894, 1.1821482181549072]
[1895, 1.3986979722976685]
[1896, 1.3184856176376343]
[1897, 1.1289323568344116]
[1898, 1.3171427249908447]
[1899, 1.2320703268051147]
[1900, 0.997251033782959]
[1901, 0.9595821499824524]
[1902, 1.3989347219467163]
[1903, 1.5367170572280884]
[1904, 1.1862033605575562]
[1905, 1.2134802341461182]
[1906, 1.1666284799575806]
[1907, 1.305415153503418]
[1908, 1.160994529724121]
[1909, 1.0363372564315796]
[1910, 1.0413106679916382]
[1911, 1.2041996717453003]
[1912, 1.255670428276062]
[1913, 1.1302446126937866]
[1914, 1.2737499475479126]
[1915, 1.382416009902954]
[1916, 1.5636866092681885]
[1917, 1.1656168699264526]
[1918, 1.328208327293396]
[1919, 1.0364242792129517]
[1920, 1.5078387260437012]
[1921, 1.5112030506134033]
[1922, 1.4839636087417603]
[1923, 1.252375841140747]
[1924, 1.2287558317184448]
[1925, 1.0570316314697266]
[1926, 1.01710045337677]
[1927, 1.0789794921875]
[1928, 1.3431217670440674]
[1929, 1.1314085721969604]
[1930, 1.6187504529953003]
[1931, 1.1216317415237427]
[1932, 1.310498833656311]
[1933, 1.280722975730896]
[1934, 1.3689184188842773]
[1935, 1.2433894872665405]
[1936, 1.3052157163619995]
[1937, 1.1939592361450195]
[1938, 1.4475682973861694]
[1939, 1.3003475666046143]
[1940, 1.021934986114502]
[1941, 1.4194284677505493]
[1942, 0.9933411478996277]
[1943, 1.316416621208191]
[1944, 0.9799396395683289]
[1945, 1.4958925247192383]
[1946, 1.0914114713668823]
[1947, 0.9565982818603516]
[1948, 1.1551188230514526]
[1949, 1.3430652618408203]
[1950, 1.258351445198059]
[1951, 1.4344590902328491]
[1952, 1.2155640125274658]
[1953, 0.7947810292243958]
[1954, 1.213369607925415]
[1955, 1.3175146579742432]
[1956, 1.5948412418365479]
[1957, 1.3206239938735962]
[1958, 1.435232400894165]
[1959, 1.4337996244430542]
[1960, 1.4565010070800781]
[1961, 1.1352834701538086]
[1962, 1.4998570680618286]
[1963, 1.0052651166915894]
[1964, 1.3638728857040405]
[1965, 1.035988688468933]
[1966, 1.3024028539657593]
[1967, 1.3856260776519775]
[1968, 1.5056322813034058]
[1969, 1.3292162418365479]
[1970, 1.4038692712783813]
[1971, 1.4766676425933838]
[1972, 1.126132845878601]
[1973, 1.4249356985092163]
[1974, 1.1460351943969727]
[1975, 1.2734054327011108]
[1976, 1.3501304388046265]
[1977, 1.30389404296875]
[1978, 1.0273936986923218]
[1979, 1.3478435277938843]
[1980, 1.3912315368652344]
[1981, 1.346358299255371]
[1982, 1.406314730644226]
[1983, 1.2702511548995972]
[1984, 1.25794517993927]
[1985, 1.279933214187622]
[1986, 1.386085033416748]
[1987, 1.2842215299606323]
[1988, 1.5802494287490845]
[1989, 1.2437949180603027]
[1990, 0.991535484790802]
[1991, 1.142364501953125]
[1992, 1.2976020574569702]
[1993, 1.357696771621704]
[1994, 0.9907926917076111]
[1995, 1.2433290481567383]
[1996, 1.3965994119644165]
[1997, 1.1726309061050415]
[1998, 1.287631869316101]
[1999, 1.3383338451385498]
[2000, 1.3566279411315918]
[2001, 1.2774189710617065]
[2002, 1.2723711729049683]
[2003, 1.224736213684082]
[2004, 1.03396475315094]
[2005, 1.3670905828475952]
[2006, 1.4245508909225464]
[2007, 1.3502610921859741]
[2008, 1.336084246635437]
[2009, 1.1693538427352905]
[2010, 1.3733153343200684]
[2011, 1.161579966545105]
[2012, 1.2825103998184204]
[2013, 1.2408589124679565]
[2014, 1.2974575757980347]
[2015, 1.412196159362793]
[2016, 1.180673599243164]
[2017, 1.5492709875106812]
[2018, 1.3529667854309082]
[2019, 1.0276014804840088]
[2020, 1.1143795251846313]
[2021, 1.2658544778823853]
[2022, 1.0911635160446167]
[2023, 1.6169172525405884]
[2024, 1.5400112867355347]
[2025, 1.3601077795028687]
[2026, 1.4062107801437378]
[2027, 1.2476862668991089]
[2028, 1.0483484268188477]
[2029, 1.1506102085113525]
[2030, 1.3007749319076538]
[2031, 1.2515313625335693]
[2032, 1.1880196332931519]
[2033, 1.2648495435714722]
[2034, 1.4400538206100464]
[2035, 0.927416980266571]
[2036, 1.4817482233047485]
[2037, 1.4598134756088257]
[2038, 1.058728575706482]
[2039, 1.377097249031067]
[2040, 1.4552720785140991]
[2041, 1.3881120681762695]
[2042, 1.4128565788269043]
[2043, 1.5721032619476318]
[2044, 1.4930366277694702]
[2045, 1.2000700235366821]
[2046, 1.3519948720932007]
[2047, 1.0725650787353516]
[2048, 1.2152165174484253]
[2049, 1.1303389072418213]
[2050, 1.4851001501083374]
[2051, 1.5047327280044556]
[2052, 1.2261505126953125]
[2053, 1.4340782165527344]
[2054, 0.9977184534072876]
[2055, 1.3267000913619995]
[2056, 1.3745874166488647]
[2057, 1.3761465549468994]
[2058, 1.6847412586212158]
[2059, 1.3883174657821655]
[2060, 1.2443078756332397]
[2061, 1.093520164489746]
[2062, 1.4347105026245117]
[2063, 1.3124804496765137]
[2064, 1.307855486869812]
[2065, 1.0969961881637573]
[2066, 1.362704873085022]
[2067, 1.2114002704620361]
[2068, 1.2484678030014038]
[2069, 1.3578300476074219]
[2070, 1.3481849431991577]
[2071, 1.3611191511154175]
[2072, 1.6038944721221924]
[2073, 1.272356390953064]
[2074, 0.9302355647087097]
[2075, 1.454558253288269]
[2076, 1.0867074728012085]
[2077, 0.6410214304924011]
[2078, 1.1361202001571655]
[2079, 1.0711381435394287]
[2080, 1.1161590814590454]
[2081, 1.4497255086898804]
[2082, 1.5641855001449585]
[2083, 1.6666815280914307]
[2084, 0.9449813961982727]
[2085, 1.4782909154891968]
[2086, 1.444496989250183]
[2087, 1.5297542810440063]
[2088, 1.415893316268921]
[2089, 1.503624677658081]
[2090, 1.2749489545822144]
[2091, 1.1891282796859741]
[2092, 1.2462722063064575]
[2093, 1.2345452308654785]
[2094, 1.1809675693511963]
[2095, 1.300097107887268]
[2096, 1.51081383228302]
[2097, 1.283854365348816]
[2098, 1.3749979734420776]
[2099, 1.4729880094528198]
[2100, 1.2404330968856812]
[2101, 1.1322075128555298]
[2102, 1.4573262929916382]
[2103, 1.4811573028564453]
[2104, 1.4242277145385742]
[2105, 1.3028494119644165]
[2106, 1.2966492176055908]
[2107, 1.2496849298477173]
[2108, 1.2677236795425415]
[2109, 1.0558143854141235]
[2110, 1.6419910192489624]
[2111, 1.2445858716964722]
[2112, 1.711016058921814]
[2113, 1.315354347229004]
[2114, 1.6208858489990234]
[2115, 1.3600703477859497]
[2116, 1.5951826572418213]
[2117, 1.6433852910995483]
[2118, 0.9891363382339478]
[2119, 1.049762487411499]
[2120, 1.6218000650405884]
[2121, 1.2099430561065674]
[2122, 1.3470536470413208]
[2123, 1.4669426679611206]
[2124, 1.664326548576355]
[2125, 1.094857096672058]
[2126, 1.2966365814208984]
[2127, 1.3824999332427979]
[2128, 1.4669638872146606]
[2129, 0.841892421245575]
[2130, 1.0763899087905884]
[2131, 1.41441011428833]
[2132, 1.2921226024627686]
[2133, 1.2380850315093994]
[2134, 1.2633953094482422]
[2135, 1.5617343187332153]
[2136, 1.5166600942611694]
[2137, 1.471155047416687]
[2138, 1.3679310083389282]
[2139, 1.2348240613937378]
[2140, 1.3824427127838135]
[2141, 1.0555317401885986]
[2142, 1.297308325767517]
[2143, 1.267746925354004]
[2144, 0.9729898571968079]
[2145, 1.476075291633606]
[2146, 1.2141087055206299]
[2147, 1.395024299621582]
[2148, 1.045493483543396]
[2149, 1.2615493535995483]
[2150, 1.4926306009292603]
[2151, 1.1855428218841553]
[2152, 1.273863673210144]
[2153, 1.342942237854004]
[2154, 1.4619126319885254]
[2155, 1.1950643062591553]
[2156, 1.0854119062423706]
[2157, 1.2608273029327393]
[2158, 1.3673855066299438]
[2159, 1.53819739818573]
[2160, 1.3313041925430298]
[2161, 1.4579708576202393]
[2162, 1.3828169107437134]
[2163, 0.8852226138114929]
[2164, 1.324380874633789]
[2165, 1.150307059288025]
[2166, 1.2488596439361572]
[2167, 1.4316074848175049]
[2168, 0.9213272333145142]
[2169, 1.5349191427230835]
[2170, 1.176184892654419]
[2171, 1.5618696212768555]
[2172, 1.0331541299819946]
[2173, 1.5963138341903687]
[2174, 1.4718598127365112]
[2175, 1.2647207975387573]
[2176, 0.9137889742851257]
[2177, 1.3915660381317139]
[2178, 1.5543339252471924]
[2179, 1.5435253381729126]
[2180, 1.3871304988861084]
[2181, 1.153579592704773]
[2182, 1.2452213764190674]
[2183, 1.3643299341201782]
[2184, 1.1555519104003906]
[2185, 1.5688585042953491]
[2186, 1.410532832145691]
[2187, 1.4900572299957275]
[2188, 1.404427409172058]
[2189, 1.3778995275497437]
[2190, 1.121140718460083]
[2191, 0.7375656962394714]
[2192, 1.1128679513931274]
[2193, 1.659554123878479]
[2194, 1.4850817918777466]
[2195, 1.2079843282699585]
[2196, 1.6430397033691406]
[2197, 1.580062747001648]
[2198, 1.1932324171066284]
[2199, 1.1429338455200195]
[2200, 1.493179202079773]
[2201, 1.0956897735595703]
[2202, 1.2442126274108887]
[2203, 1.6443966627120972]
[2204, 1.1057703495025635]
[2205, 1.211570143699646]
[2206, 1.247982382774353]
[2207, 1.496870994567871]
[2208, 1.19795823097229]
[2209, 1.0581661462783813]
[2210, 1.3545398712158203]
[2211, 1.486818552017212]
[2212, 1.5308135747909546]
[2213, 1.1847450733184814]
[2214, 1.258802890777588]
[2215, 1.4621899127960205]
[2216, 1.142093300819397]
[2217, 1.12685227394104]
[2218, 1.2767856121063232]
[2219, 1.2404991388320923]
[2220, 1.240618348121643]
[2221, 1.4035820960998535]
[2222, 1.2852104902267456]
[2223, 1.4683537483215332]
[2224, 1.3813060522079468]
[2225, 1.2604254484176636]
[2226, 1.37529718875885]
[2227, 1.6125118732452393]
[2228, 1.0997281074523926]
[2229, 0.9383967518806458]
[2230, 1.213731050491333]
[2231, 1.6527470350265503]
[2232, 1.1530159711837769]
[2233, 1.2578788995742798]
[2234, 1.0730550289154053]
[2235, 1.11208176612854]
[2236, 1.2471007108688354]
[2237, 0.6751976013183594]
[2238, 1.5261175632476807]
[2239, 1.3750121593475342]
[2240, 1.34774649143219]
[2241, 1.4804900884628296]
[2242, 1.2829045057296753]
[2243, 0.9879984259605408]
[2244, 1.0288127660751343]
[2245, 1.2674018144607544]
[2246, 1.541828989982605]
[2247, 1.2057112455368042]
[2248, 1.166661262512207]
[2249, 1.3679955005645752]
[2250, 1.7485408782958984]
[2251, 1.109776496887207]
[2252, 1.1524267196655273]
[2253, 1.4723044633865356]
[2254, 0.7147939205169678]
[2255, 0.988106906414032]
[2256, 1.1390303373336792]
[2257, 1.6704005002975464]
[2258, 1.2175066471099854]
[2259, 1.602834701538086]
[2260, 1.1911770105361938]
[2261, 1.173038125038147]
[2262, 1.5697108507156372]
[2263, 1.0143871307373047]
[2264, 1.179221510887146]
[2265, 1.283233880996704]
[2266, 1.0292717218399048]
[2267, 1.4090964794158936]
[2268, 1.2788833379745483]
[2269, 0.8272004127502441]
[2270, 1.480265498161316]
[2271, 1.3047993183135986]
[2272, 1.1329244375228882]
[2273, 1.3853206634521484]
[2274, 1.2616486549377441]
[2275, 1.2102545499801636]
[2276, 1.3419278860092163]
[2277, 1.224115014076233]
[2278, 1.123873233795166]
[2279, 1.2825521230697632]
[2280, 1.4235104322433472]
[2281, 1.399558663368225]
[2282, 1.1827645301818848]
[2283, 1.3086915016174316]
[2284, 1.305810570716858]
[2285, 1.3397692441940308]
[2286, 1.3102600574493408]
[2287, 1.2837225198745728]
[2288, 1.3680349588394165]
[2289, 1.4274117946624756]
[2290, 1.2834630012512207]
[2291, 1.501029372215271]
[2292, 0.9495757222175598]
[2293, 1.1559162139892578]
[2294, 1.2634038925170898]
[2295, 1.2676799297332764]
[2296, 1.1836785078048706]
[2297, 1.163789987564087]
[2298, 1.0456011295318604]
[2299, 1.2290104627609253]
[2300, 1.424390435218811]
[2301, 0.9633728861808777]
[2302, 1.2458239793777466]
[2303, 1.2142009735107422]
[2304, 0.9079756736755371]
[2305, 1.197476863861084]
[2306, 1.5021095275878906]
[2307, 0.9812912940979004]
[2308, 1.2089260816574097]
[2309, 1.1001992225646973]
[2310, 1.2648773193359375]
[2311, 1.2892807722091675]
[2312, 0.9644624590873718]
[2313, 1.1461023092269897]
[2314, 1.001726746559143]
[2315, 1.0829474925994873]
[2316, 1.4052811861038208]
[2317, 1.0071519613265991]
[2318, 1.2885907888412476]
[2319, 1.2104462385177612]
[2320, 1.1361385583877563]
[2321, 0.9871349334716797]
[2322, 1.377396821975708]
[2323, 1.3969966173171997]
[2324, 0.991692066192627]
[2325, 1.0915310382843018]
[2326, 1.338660478591919]
[2327, 1.2553728818893433]
[2328, 0.9059030413627625]
[2329, 0.8289039731025696]
[2330, 1.0362008810043335]
[2331, 1.173156976699829]
[2332, 0.8466410040855408]
[2333, 1.371809720993042]
[2334, 1.3065130710601807]
[2335, 1.3045375347137451]
[2336, 1.261560082435608]
[2337, 1.5319241285324097]
[2338, 1.0967615842819214]
[2339, 1.3116446733474731]
[2340, 1.036573052406311]
[2341, 1.302625060081482]
[2342, 1.3988808393478394]
[2343, 1.3142919540405273]
[2344, 1.356579065322876]
[2345, 1.5003384351730347]
[2346, 1.6557992696762085]
[2347, 0.9575592875480652]
[2348, 1.2425967454910278]
[2349, 1.2756805419921875]
[2350, 1.6887035369873047]
[2351, 0.9924867749214172]
[2352, 1.363890528678894]
[2353, 1.5900038480758667]
[2354, 1.3819648027420044]
[2355, 0.8658500909805298]
[2356, 1.383859634399414]
[2357, 1.09541916847229]
[2358, 1.4981240034103394]
[2359, 1.2255507707595825]
[2360, 1.1463617086410522]
[2361, 1.5375574827194214]
[2362, 1.4474048614501953]
[2363, 1.2627993822097778]
[2364, 0.9087986946105957]
[2365, 1.1757023334503174]
[2366, 1.1418254375457764]
[2367, 1.365169644355774]
[2368, 1.3106626272201538]
[2369, 1.467732548713684]
[2370, 1.2363306283950806]
[2371, 1.5795528888702393]
[2372, 1.240464448928833]
[2373, 1.0547492504119873]
[2374, 1.188826084136963]
[2375, 1.2036776542663574]
[2376, 1.1041356325149536]
[2377, 1.1904548406600952]
[2378, 1.4813172817230225]
[2379, 1.2240883111953735]
[2380, 1.3984615802764893]
[2381, 1.6888363361358643]
[2382, 1.2410261631011963]
[2383, 1.3296151161193848]
[2384, 1.668911337852478]
[2385, 0.862449586391449]
[2386, 1.4344795942306519]
[2387, 1.6483503580093384]
[2388, 1.1812385320663452]
[2389, 1.4386409521102905]
[2390, 1.200128436088562]
[2391, 1.2445038557052612]
[2392, 1.3919925689697266]
[2393, 1.3828438520431519]
[2394, 1.2111518383026123]
[2395, 1.2028306722640991]
[2396, 1.3606013059616089]
[2397, 1.171035647392273]
[2398, 1.002463698387146]
[2399, 1.1408144235610962]
[2400, 1.5707663297653198]
[2401, 1.2338147163391113]
[2402, 1.1618354320526123]
[2403, 1.1770209074020386]
[2404, 1.491556167602539]
[2405, 1.5555880069732666]
[2406, 1.5133459568023682]
[2407, 1.3451511859893799]
[2408, 1.0538835525512695]
[2409, 1.4602118730545044]
[2410, 1.4936174154281616]
[2411, 1.2664684057235718]
[2412, 1.2606741189956665]
[2413, 1.3187435865402222]
[2414, 1.5510914325714111]
[2415, 1.462157130241394]
[2416, 1.3726860284805298]
[2417, 1.5272020101547241]
[2418, 1.4702789783477783]
[2419, 1.3964515924453735]
[2420, 1.3728067874908447]
[2421, 1.2575653791427612]
[2422, 1.5608185529708862]
[2423, 1.1160974502563477]
[2424, 1.230838418006897]
[2425, 1.16421639919281]
[2426, 1.3289989233016968]
[2427, 1.1682275533676147]
[2428, 1.5156604051589966]
[2429, 1.5025092363357544]
[2430, 1.4734933376312256]
[2431, 1.4462918043136597]
[2432, 1.1072176694869995]
[2433, 0.9842197299003601]
[2434, 1.397040605545044]
[2435, 1.2264225482940674]
[2436, 1.3012312650680542]
[2437, 1.3212203979492188]
[2438, 1.3658546209335327]
[2439, 1.6923761367797852]
[2440, 1.4983330965042114]
[2441, 1.2139650583267212]
[2442, 1.158852458000183]
[2443, 1.35875403881073]
[2444, 1.3354960680007935]
[2445, 1.4044368267059326]
[2446, 1.5193536281585693]
[2447, 1.192933440208435]
[2448, 1.3942837715148926]
[2449, 1.2819722890853882]
[2450, 1.5575934648513794]
[2451, 1.319238305091858]
[2452, 1.4542020559310913]
[2453, 1.2160009145736694]
[2454, 1.5558313131332397]
[2455, 1.3983116149902344]
[2456, 1.2821906805038452]
[2457, 1.2278679609298706]
[2458, 1.3359332084655762]
[2459, 1.4165071249008179]
[2460, 1.3707154989242554]
[2461, 1.5853431224822998]
[2462, 1.3872463703155518]
[2463, 1.3514540195465088]
[2464, 1.2084728479385376]
[2465, 1.2812941074371338]
[2466, 1.221103549003601]
[2467, 1.3998514413833618]
[2468, 1.3268940448760986]
[2469, 1.4287132024765015]
[2470, 1.1828492879867554]
[2471, 1.530155897140503]
[2472, 1.5779008865356445]
[2473, 1.4896939992904663]
[2474, 1.2632988691329956]
[2475, 1.2609957456588745]
[2476, 1.2408140897750854]
[2477, 1.553537368774414]
[2478, 1.1332955360412598]
[2479, 1.451514720916748]
[2480, 1.4944242238998413]
[2481, 1.1896737813949585]
[2482, 1.4660996198654175]
[2483, 1.0926845073699951]
[2484, 1.4640493392944336]
[2485, 0.9638736844062805]
[2486, 1.422305941581726]
[2487, 1.2786850929260254]
[2488, 1.5191385746002197]
[2489, 1.2696627378463745]
[2490, 1.4114229679107666]
[2491, 1.3224061727523804]
[2492, 1.3614040613174438]
[2493, 1.5610401630401611]
[2494, 1.2800655364990234]
[2495, 1.3730720281600952]
[2496, 1.3611763715744019]
[2497, 1.4264711141586304]
[2498, 1.4420195817947388]
[2499, 1.250385046005249]
[2500, 1.3168474435806274]
[2501, 1.328991174697876]
[2502, 1.5009136199951172]
[2503, 1.2628899812698364]
[2504, 1.2040098905563354]
[2505, 1.2241414785385132]
[2506, 1.390316367149353]
[2507, 1.2771505117416382]
[2508, 1.2825959920883179]
[2509, 1.5335615873336792]
[2510, 1.412175178527832]
[2511, 1.5613516569137573]
[2512, 1.5973573923110962]
[2513, 1.1132805347442627]
[2514, 1.6765797138214111]
[2515, 1.228695034980774]
[2516, 1.3655694723129272]
[2517, 1.5473796129226685]
[2518, 1.4444961547851562]
[2519, 1.3538703918457031]
[2520, 1.2727388143539429]
[2521, 1.4845950603485107]
[2522, 1.0393263101577759]
[2523, 1.3818533420562744]
[2524, 1.5271958112716675]
[2525, 1.0167373418807983]
[2526, 1.1718553304672241]
[2527, 1.195791244506836]
[2528, 1.7274999618530273]
[2529, 1.5267468690872192]
[2530, 1.2691601514816284]
[2531, 1.4784828424453735]
[2532, 1.0148327350616455]
[2533, 1.0044983625411987]
[2534, 1.3852487802505493]
[2535, 1.168371558189392]
[2536, 1.4305180311203003]
[2537, 1.4540759325027466]
[2538, 1.5998482704162598]
[2539, 1.4716731309890747]
[2540, 1.4722851514816284]
[2541, 1.1794008016586304]
[2542, 1.5725339651107788]
[2543, 1.1625477075576782]
[2544, 1.5425482988357544]
[2545, 1.3615535497665405]
[2546, 1.583078384399414]
[2547, 1.586644172668457]
[2548, 1.5982908010482788]
[2549, 1.0161370038986206]
[2550, 1.6524202823638916]
[2551, 1.4310604333877563]
[2552, 0.9931715130805969]
[2553, 1.2196706533432007]
[2554, 1.4631521701812744]
[2555, 1.6099023818969727]
[2556, 1.2601770162582397]
[2557, 1.1950849294662476]
[2558, 1.4841952323913574]
[2559, 1.2642656564712524]
[2560, 1.635151743888855]
[2561, 1.3727211952209473]
[2562, 1.1301778554916382]
[2563, 1.12644362449646]
[2564, 1.4318455457687378]
[2565, 1.3294456005096436]
[2566, 1.176797866821289]
[2567, 1.4060604572296143]
[2568, 1.606618881225586]
[2569, 1.487871527671814]
[2570, 1.2489219903945923]
[2571, 1.4475568532943726]
[2572, 1.2673839330673218]
[2573, 1.3269480466842651]
[2574, 1.3171393871307373]
[2575, 1.2610416412353516]
[2576, 0.9363014101982117]
[2577, 1.3878341913223267]
[2578, 1.4231517314910889]
[2579, 1.4881449937820435]
[2580, 1.1885147094726562]
[2581, 1.164138913154602]
[2582, 0.998552143573761]
[2583, 1.3073025941848755]
[2584, 1.157660722732544]
[2585, 1.474739909172058]
[2586, 1.4517364501953125]
[2587, 1.2363226413726807]
[2588, 1.2431715726852417]
[2589, 1.6251909732818604]
[2590, 1.199039340019226]
[2591, 1.2070504426956177]
[2592, 1.5726772546768188]
[2593, 1.4121651649475098]
[2594, 1.5952107906341553]
[2595, 1.5585616827011108]
[2596, 1.3259223699569702]
[2597, 1.5743788480758667]
[2598, 1.2802828550338745]
[2599, 1.231900691986084]
[2600, 1.4399325847625732]
[2601, 1.1651548147201538]
[2602, 1.206284761428833]
[2603, 1.2315874099731445]
[2604, 1.2936457395553589]
[2605, 1.1883054971694946]
[2606, 1.382041335105896]
[2607, 1.630757212638855]
[2608, 1.3286991119384766]
[2609, 1.2187018394470215]
[2610, 1.3329147100448608]
[2611, 1.2744114398956299]
[2612, 1.2538174390792847]
[2613, 1.263767123222351]
[2614, 1.3591997623443604]
[2615, 1.178912878036499]
[2616, 1.590508222579956]
[2617, 1.4048118591308594]
[2618, 1.334120750427246]
[2619, 1.2771351337432861]
[2620, 1.1532890796661377]
[2621, 1.110721468925476]
[2622, 1.1637210845947266]
[2623, 1.583433985710144]
[2624, 1.2907930612564087]
[2625, 1.3572829961776733]
[2626, 1.3248134851455688]
[2627, 1.111187219619751]
[2628, 1.2971128225326538]
[2629, 1.3032605648040771]
[2630, 1.353003740310669]
[2631, 1.0719108581542969]
[2632, 1.487318515777588]
[2633, 1.4511923789978027]
[2634, 1.2538137435913086]
[2635, 1.6732250452041626]
[2636, 1.3383287191390991]
[2637, 0.8811823129653931]
[2638, 1.3393200635910034]
[2639, 1.2890127897262573]
[2640, 1.3969231843948364]
[2641, 1.4017679691314697]
[2642, 1.378923773765564]
[2643, 1.2020782232284546]
[2644, 1.3571356534957886]
[2645, 1.25999915599823]
[2646, 1.3183821439743042]
[2647, 1.220003366470337]
[2648, 1.2505120038986206]
[2649, 1.4334462881088257]
[2650, 1.6658601760864258]
[2651, 1.4166443347930908]
[2652, 1.325980544090271]
[2653, 1.349159598350525]
[2654, 1.558430790901184]
[2655, 1.2716469764709473]
[2656, 1.2242130041122437]
[2657, 1.6492058038711548]
[2658, 1.1525405645370483]
[2659, 1.3517478704452515]
[2660, 1.541002869606018]
[2661, 1.4545042514801025]
[2662, 1.4694676399230957]
[2663, 1.3302996158599854]
[2664, 1.447393774986267]
[2665, 1.481330156326294]
[2666, 1.3377628326416016]
[2667, 1.5250362157821655]
[2668, 1.5376373529434204]
[2669, 1.3372116088867188]
[2670, 0.7881028652191162]
[2671, 1.2023926973342896]
[2672, 1.2058629989624023]
[2673, 1.088096022605896]
[2674, 1.3443330526351929]
[2675, 1.1423343420028687]
[2676, 1.4430469274520874]
[2677, 1.549568772315979]
[2678, 1.5203808546066284]
[2679, 1.5105369091033936]
[2680, 1.4895747900009155]
[2681, 1.5973949432373047]
[2682, 1.567696213722229]
[2683, 1.2135412693023682]
[2684, 1.3825420141220093]
[2685, 1.5146112442016602]
[2686, 1.2873364686965942]
[2687, 1.4348170757293701]
[2688, 1.3089640140533447]
[2689, 1.4923975467681885]
[2690, 1.1992998123168945]
[2691, 1.54201340675354]
[2692, 1.2156105041503906]
[2693, 1.0935640335083008]
[2694, 1.6005476713180542]
[2695, 1.3900721073150635]
[2696, 1.0809457302093506]
[2697, 1.046533465385437]
[2698, 1.69634211063385]
[2699, 1.116744041442871]
[2700, 1.316807508468628]
[2701, 1.475066065788269]
[2702, 1.4561816453933716]
[2703, 1.1097197532653809]
[2704, 1.4089492559432983]
[2705, 1.0580673217773438]
[2706, 1.2852966785430908]
[2707, 1.3464962244033813]
[2708, 1.3734304904937744]
[2709, 1.3452231884002686]
[2710, 1.5493072271347046]
[2711, 1.3325893878936768]
[2712, 1.5186690092086792]
[2713, 1.3464783430099487]
[2714, 1.4402140378952026]
[2715, 1.2932307720184326]
[2716, 1.1634619235992432]
[2717, 1.5602707862854004]
[2718, 1.3237946033477783]
[2719, 1.3527058362960815]
[2720, 1.6225594282150269]
[2721, 1.328927993774414]
[2722, 1.499719500541687]
[2723, 1.3461706638336182]
[2724, 1.4323831796646118]
[2725, 1.5093252658843994]
[2726, 1.5208672285079956]
[2727, 1.3871749639511108]
[2728, 1.5384184122085571]
[2729, 1.2217093706130981]
[2730, 1.2336715459823608]
[2731, 1.3047455549240112]
[2732, 1.4499832391738892]
[2733, 1.4710153341293335]
[2734, 1.107714056968689]
[2735, 1.2384217977523804]
[2736, 1.228011131286621]
[2737, 1.4153740406036377]
[2738, 1.3162710666656494]
[2739, 1.443090796470642]
[2740, 1.2318919897079468]
[2741, 1.31535005569458]
[2742, 1.3912659883499146]
[2743, 1.1817364692687988]
[2744, 1.398033618927002]
[2745, 1.6048845052719116]
[2746, 1.0082553625106812]
[2747, 1.1489932537078857]
[2748, 1.1774766445159912]
[2749, 1.0692641735076904]
[2750, 1.153671145439148]
[2751, 1.2988637685775757]
[2752, 1.4328501224517822]
[2753, 1.476721167564392]
[2754, 1.3735449314117432]
[2755, 1.3200234174728394]
[2756, 1.475571632385254]
[2757, 1.6552543640136719]
[2758, 1.403219223022461]
[2759, 1.1471072435379028]
[2760, 1.6266136169433594]
[2761, 1.4327261447906494]
[2762, 1.4160051345825195]
[2763, 1.327914834022522]
[2764, 1.1842716932296753]
[2765, 1.3606376647949219]
[2766, 1.173789620399475]
[2767, 1.6324924230575562]
[2768, 1.4417778253555298]
[2769, 1.4013502597808838]
[2770, 1.377213716506958]
[2771, 1.3001923561096191]
[2772, 1.359109878540039]
[2773, 1.49944007396698]
[2774, 1.2472143173217773]
[2775, 1.4104628562927246]
[2776, 1.6056896448135376]
[2777, 1.2734750509262085]
[2778, 1.5144407749176025]
[2779, 1.628936767578125]
[2780, 1.4623016119003296]
[2781, 1.5806217193603516]
[2782, 1.5861421823501587]
[2783, 1.6988041400909424]
[2784, 1.352624773979187]
[2785, 1.5363949537277222]
[2786, 1.5084749460220337]
[2787, 1.5528372526168823]
[2788, 1.2449432611465454]
[2789, 1.1733273267745972]
[2790, 1.407159686088562]
[2791, 1.2958968877792358]
[2792, 1.634588599205017]
[2793, 1.4998801946640015]
[2794, 1.465985655784607]
[2795, 1.465152621269226]
[2796, 1.7689098119735718]
[2797, 1.433730125427246]
[2798, 1.3334152698516846]
[2799, 1.5118540525436401]
[2800, 1.440770149230957]
[2801, 1.5462087392807007]
[2802, 1.498949408531189]
[2803, 1.590384602546692]
[2804, 1.3325132131576538]
[2805, 1.520121455192566]
[2806, 1.5840339660644531]
[2807, 1.343735694885254]
[2808, 1.3566782474517822]
[2809, 1.5560442209243774]
[2810, 1.6599899530410767]
[2811, 1.4564626216888428]
[2812, 1.682043433189392]
[2813, 1.5863226652145386]
[2814, 1.2767542600631714]
[2815, 1.4065769910812378]
[2816, 1.5185209512710571]
[2817, 1.226130485534668]
[2818, 1.4776736497879028]
[2819, 1.557198166847229]
[2820, 1.5287389755249023]
[2821, 1.3188549280166626]
[2822, 1.1276577711105347]
[2823, 1.2582060098648071]
[2824, 1.2006415128707886]
[2825, 1.5474861860275269]
[2826, 1.4920525550842285]
[2827, 1.3936896324157715]
[2828, 1.6042174100875854]
[2829, 1.3861173391342163]
[2830, 1.5191516876220703]
[2831, 1.474744200706482]
[2832, 1.4945303201675415]
[2833, 1.4597114324569702]
[2834, 1.3843482732772827]
[2835, 1.3037031888961792]
[2836, 1.3700506687164307]
[2837, 1.309203028678894]
[2838, 1.7775667905807495]
[2839, 1.4830055236816406]
[2840, 1.3223880529403687]
[2841, 1.2772804498672485]
[2842, 1.4466966390609741]
[2843, 1.536478877067566]
[2844, 1.509149193763733]
[2845, 1.137786865234375]
[2846, 1.4998892545700073]
[2847, 1.5079023838043213]
[2848, 1.2731008529663086]
[2849, 1.4462770223617554]
[2850, 1.3967170715332031]
[2851, 1.57835054397583]
[2852, 1.3456834554672241]
[2853, 1.5464998483657837]
[2854, 1.4573570489883423]
[2855, 1.1737606525421143]
[2856, 1.4477561712265015]
[2857, 1.422371745109558]
[2858, 1.6048824787139893]
[2859, 1.6104005575180054]
[2860, 1.1123727560043335]
[2861, 1.579578161239624]
[2862, 1.6069048643112183]
[2863, 1.3056529760360718]
[2864, 1.103976845741272]
[2865, 1.499545693397522]
[2866, 1.2954025268554688]
[2867, 1.3118972778320312]
[2868, 1.4765222072601318]
[2869, 1.6851469278335571]
[2870, 1.426812767982483]
[2871, 1.4345500469207764]
[2872, 1.2399749755859375]
[2873, 1.2674028873443604]
[2874, 1.5370405912399292]
[2875, 1.6330680847167969]
[2876, 1.4011679887771606]
[2877, 1.2490181922912598]
[2878, 1.4817532300949097]
[2879, 1.619600534439087]
[2880, 1.4405722618103027]
[2881, 1.2624555826187134]
[2882, 1.5421158075332642]
[2883, 1.5397638082504272]
[2884, 1.2839685678482056]
[2885, 1.7053495645523071]
[2886, 1.480872392654419]
[2887, 1.3090282678604126]
[2888, 1.4084892272949219]
[2889, 1.6045904159545898]
[2890, 1.2957853078842163]
[2891, 1.4316120147705078]
[2892, 1.5532883405685425]
[2893, 1.367202639579773]
[2894, 1.1307083368301392]
[2895, 1.456802487373352]
[2896, 1.4003266096115112]
[2897, 1.3004237413406372]
[2898, 1.4436256885528564]
[2899, 1.1730936765670776]
[2900, 1.4240448474884033]
[2901, 1.21593177318573]
[2902, 1.3251558542251587]
[2903, 1.5931347608566284]
[2904, 1.4925605058670044]
[2905, 1.7426416873931885]
[2906, 1.3231099843978882]
[2907, 1.5785707235336304]
[2908, 1.6597141027450562]
[2909, 1.1490365266799927]
[2910, 1.5809497833251953]
[2911, 1.7892707586288452]
[2912, 1.5869163274765015]
[2913, 1.2216360569000244]
[2914, 1.439515471458435]
[2915, 1.40646493434906]
[2916, 1.4281467199325562]
[2917, 1.509400725364685]
[2918, 1.6382490396499634]
[2919, 1.5918070077896118]
[2920, 1.6276978254318237]
[2921, 1.3629697561264038]
[2922, 1.5176018476486206]
[2923, 1.525214672088623]
[2924, 1.2535604238510132]
[2925, 1.5239700078964233]
[2926, 1.624060869216919]
[2927, 1.55101478099823]
[2928, 1.2461355924606323]
[2929, 1.6106204986572266]
[2930, 1.4322870969772339]
[2931, 1.633096694946289]
[2932, 1.1907161474227905]
[2933, 1.5464693307876587]
[2934, 1.2810771465301514]
[2935, 1.6419757604599]
[2936, 1.4599756002426147]
[2937, 1.6248245239257812]
[2938, 1.4017549753189087]
[2939, 1.1219953298568726]
[2940, 1.4897414445877075]
[2941, 1.5863679647445679]
[2942, 1.427176594734192]
[2943, 1.5580164194107056]
[2944, 1.6229218244552612]
[2945, 1.6086692810058594]
[2946, 1.2944072484970093]
[2947, 1.6127687692642212]
[2948, 1.4278734922409058]
[2949, 1.3467994928359985]
[2950, 1.4508073329925537]
[2951, 1.578757643699646]
[2952, 1.6689802408218384]
[2953, 1.5114943981170654]
[2954, 1.472295880317688]
[2955, 1.5103658437728882]
[2956, 1.3117001056671143]
[2957, 1.6743583679199219]
[2958, 1.3410700559616089]
[2959, 1.6749143600463867]
[2960, 1.644928216934204]
[2961, 1.2460006475448608]
[2962, 1.3419382572174072]
[2963, 1.7333701848983765]
[2964, 1.6601459980010986]
[2965, 1.1751757860183716]
[2966, 1.4785255193710327]
[2967, 1.4501237869262695]
[2968, 1.4321568012237549]
[2969, 1.658945083618164]
[2970, 1.3062547445297241]
[2971, 1.615623116493225]
[2972, 1.6312065124511719]
[2973, 1.2473413944244385]
[2974, 1.6149958372116089]
[2975, 1.1868858337402344]
[2976, 1.577569842338562]
[2977, 1.5366092920303345]
[2978, 1.6063814163208008]
[2979, 1.586665391921997]
[2980, 1.3833556175231934]
[2981, 1.6286839246749878]
[2982, 1.5454987287521362]
[2983, 1.600088119506836]
[2984, 1.5182888507843018]
[2985, 1.4885298013687134]
[2986, 1.5707155466079712]
[2987, 1.2851741313934326]
[2988, 1.4532489776611328]
[2989, 1.4537074565887451]
[2990, 1.5180224180221558]
[2991, 1.1850979328155518]
[2992, 1.620137095451355]
[2993, 1.180540919303894]
[2994, 1.5924679040908813]
[2995, 1.6917732954025269]
[2996, 1.6463139057159424]
[2997, 1.4778586626052856]
[2998, 1.6036628484725952]
[2999, 1.6019099950790405]
[3000, 1.6662139892578125]
[3001, 1.6078468561172485]
[3002, 1.3756881952285767]
[3003, 1.4062000513076782]
[3004, 1.5853086709976196]
[3005, 1.532692790031433]
[3006, 1.2491732835769653]
[3007, 1.54662024974823]
[3008, 1.4308555126190186]
[3009, 1.4926460981369019]
[3010, 1.318373680114746]
[3011, 1.4705159664154053]
[3012, 1.6755526065826416]
[3013, 1.2269569635391235]
[3014, 1.5913482904434204]
[3015, 1.5382574796676636]
[3016, 1.5067280530929565]
[3017, 1.6485050916671753]
[3018, 1.685298204421997]
[3019, 1.5878169536590576]
[3020, 1.4618586301803589]
[3021, 1.2019022703170776]
[3022, 1.5826150178909302]
[3023, 1.1647740602493286]
[3024, 1.3518558740615845]
[3025, 1.3585635423660278]
[3026, 1.752364158630371]
[3027, 1.272833228111267]
[3028, 1.5233138799667358]
[3029, 1.5181418657302856]
[3030, 1.4168829917907715]
[3031, 1.4320935010910034]
[3032, 1.3729279041290283]
[3033, 1.4708163738250732]
[3034, 1.3078622817993164]
[3035, 1.4636907577514648]
[3036, 1.356095790863037]
[3037, 1.092968225479126]
[3038, 1.5790051221847534]
[3039, 1.3488895893096924]
[3040, 1.5572627782821655]
[3041, 1.3659805059432983]
[3042, 1.5724631547927856]
[3043, 1.2306631803512573]
[3044, 1.6573940515518188]
[3045, 1.3313140869140625]
[3046, 1.3697731494903564]
[3047, 1.549713134765625]
[3048, 1.4132739305496216]
[3049, 1.3333696126937866]
[3050, 1.1806707382202148]
[3051, 1.2252193689346313]
[3052, 1.5509241819381714]
[3053, 1.6571353673934937]
[3054, 1.1612375974655151]
[3055, 1.2634862661361694]
[3056, 0.8404542207717896]
[3057, 1.3834550380706787]
[3058, 1.6265419721603394]
[3059, 1.4654333591461182]
[3060, 1.4942001104354858]
[3061, 1.437502145767212]
[3062, 1.4437260627746582]
[3063, 1.6672502756118774]
[3064, 1.6139715909957886]
[3065, 1.2908134460449219]
[3066, 1.2438548803329468]
[3067, 1.5151827335357666]
[3068, 1.4714155197143555]
[3069, 1.3300660848617554]
[3070, 1.3226337432861328]
[3071, 1.3669055700302124]
[3072, 1.6178531646728516]
[3073, 1.44318425655365]
[3074, 1.554408311843872]
[3075, 1.420699119567871]
[3076, 1.4381502866744995]
[3077, 1.6144741773605347]
[3078, 1.3434537649154663]
[3079, 1.5329917669296265]
[3080, 1.427187204360962]
[3081, 1.398059368133545]
[3082, 1.396257758140564]
[3083, 1.5778825283050537]
[3084, 1.1149762868881226]
[3085, 1.2745968103408813]
[3086, 1.4164246320724487]
[3087, 1.3688554763793945]
[3088, 1.465507984161377]
[3089, 1.4202946424484253]
[3090, 1.46799635887146]
[3091, 1.5381660461425781]
[3092, 1.3875421285629272]
[3093, 1.4834882020950317]
[3094, 1.6641298532485962]
[3095, 1.514145016670227]
[3096, 1.6474593877792358]
[3097, 1.39332115650177]
[3098, 1.3902896642684937]
[3099, 1.6320284605026245]
[3100, 1.7683095932006836]
[3101, 1.1102591753005981]
[3102, 1.493718147277832]
[3103, 1.3130806684494019]
[3104, 1.6080273389816284]
[3105, 1.470318078994751]
[3106, 1.7068758010864258]
[3107, 1.599677324295044]
[3108, 1.5255389213562012]
[3109, 1.0205813646316528]
[3110, 1.3016176223754883]
[3111, 1.4631935358047485]
[3112, 1.7371330261230469]
[3113, 1.6626396179199219]
[3114, 1.298000693321228]
[3115, 1.645623803138733]
[3116, 1.4824597835540771]
[3117, 1.3033758401870728]
[3118, 1.5260943174362183]
[3119, 1.6839760541915894]
[3120, 1.3013447523117065]
[3121, 1.582492470741272]
[3122, 1.5127830505371094]
[3123, 1.3723787069320679]
[3124, 1.5437803268432617]
[3125, 1.6131786108016968]
[3126, 0.5646075010299683]
[3127, 1.4047317504882812]
[3128, 1.4536572694778442]
[3129, 1.4722901582717896]
[3130, 1.5438235998153687]
[3131, 1.6291515827178955]
[3132, 1.154396414756775]
[3133, 1.2239658832550049]
[3134, 1.3383642435073853]
[3135, 1.5166462659835815]
[3136, 1.2644425630569458]
[3137, 0.9440937042236328]
[3138, 1.4549468755722046]
[3139, 1.1483452320098877]
[3140, 1.1850121021270752]
[3141, 1.3333181142807007]
[3142, 1.3650250434875488]
[3143, 1.3183282613754272]
[3144, 1.5650513172149658]
[3145, 1.7723522186279297]
[3146, 1.423219084739685]
[3147, 1.5104193687438965]
[3148, 1.619728922843933]
[3149, 1.6955442428588867]
[3150, 1.480495810508728]
[3151, 1.5818418264389038]
[3152, 1.5331867933273315]
[3153, 1.5000513792037964]
[3154, 1.5132973194122314]
[3155, 1.401999592781067]
[3156, 1.4880999326705933]
[3157, 1.23580801486969]
[3158, 1.2844202518463135]
[3159, 1.4989982843399048]
[3160, 0.9876841902732849]
[3161, 1.355251669883728]
[3162, 1.2191983461380005]
[3163, 0.9741979837417603]
[3164, 1.403279423713684]
[3165, 1.5030831098556519]
[3166, 1.5490312576293945]
[3167, 1.2161948680877686]
[3168, 1.1656855344772339]
[3169, 1.5331484079360962]
[3170, 1.5764797925949097]
[3171, 0.9286381602287292]
[3172, 1.5429006814956665]
[3173, 1.4687552452087402]
[3174, 1.716737985610962]
[3175, 1.4186738729476929]
[3176, 1.5315521955490112]
[3177, 1.062747836112976]
[3178, 1.2262009382247925]
[3179, 1.3499597311019897]
[3180, 1.5720027685165405]
[3181, 1.4004572629928589]
[3182, 1.315163493156433]
[3183, 1.3062247037887573]
[3184, 1.3441364765167236]
[3185, 1.5518484115600586]
[3186, 1.4862159490585327]
[3187, 0.8914539217948914]
[3188, 1.406145691871643]
[3189, 1.5587300062179565]
[3190, 1.489320993423462]
[3191, 1.4610950946807861]
[3192, 1.5746010541915894]
[3193, 1.5986957550048828]
[3194, 1.4513863325119019]
[3195, 1.365012526512146]
[3196, 1.4004912376403809]
[3197, 1.2425124645233154]
[3198, 1.4255532026290894]
[3199, 1.6672632694244385]
[3200, 1.347621202468872]
[3201, 1.4089792966842651]
[3202, 1.2184323072433472]
[3203, 1.550780177116394]
[3204, 1.2747294902801514]
[3205, 1.3641457557678223]
[3206, 1.6642357110977173]
[3207, 1.6448606252670288]
[3208, 1.595110535621643]
[3209, 1.653434157371521]
[3210, 1.0028880834579468]
[3211, 1.0829191207885742]
[3212, 1.5188474655151367]
[3213, 1.5384434461593628]
[3214, 1.4603110551834106]
[3215, 1.3322197198867798]
[3216, 1.3829684257507324]
[3217, 1.3138248920440674]
[3218, 1.5135620832443237]
[3219, 1.3842252492904663]
[3220, 1.6309813261032104]
[3221, 1.5859707593917847]
[3222, 1.4418152570724487]
[3223, 1.541420578956604]
[3224, 1.5988174676895142]
[3225, 1.5330084562301636]
[3226, 1.500069260597229]
[3227, 1.121464729309082]
[3228, 1.4899754524230957]
[3229, 1.334376335144043]
[3230, 1.6028677225112915]
[3231, 1.452216386795044]
[3232, 1.5924757719039917]
[3233, 1.2119770050048828]
[3234, 1.4977812767028809]
[3235, 1.5272769927978516]
[3236, 1.335574746131897]
[3237, 1.1643736362457275]
[3238, 1.5120813846588135]
[3239, 1.7422688007354736]
[3240, 1.4461549520492554]
[3241, 1.4975519180297852]
[3242, 1.5375609397888184]
[3243, 1.4180362224578857]
[3244, 1.2037192583084106]
[3245, 1.1580294370651245]
[3246, 1.78615403175354]
[3247, 1.4139665365219116]
[3248, 1.6267865896224976]
[3249, 1.605306625366211]
[3250, 1.4254721403121948]
[3251, 1.3149758577346802]
[3252, 1.4445213079452515]
[3253, 1.5326149463653564]
[3254, 1.2416276931762695]
[3255, 1.6370152235031128]
[3256, 1.387656331062317]
[3257, 1.353215217590332]
[3258, 1.4080886840820312]
[3259, 1.4477766752243042]
[3260, 1.2426544427871704]
[3261, 1.5537183284759521]
[3262, 1.5662297010421753]
[3263, 1.693651556968689]
[3264, 1.3000484704971313]
[3265, 1.5739779472351074]
[3266, 1.6420773267745972]
[3267, 1.5982813835144043]
[3268, 1.2951582670211792]
[3269, 1.3656405210494995]
[3270, 1.6698509454727173]
[3271, 1.0750150680541992]
[3272, 1.1070259809494019]
[3273, 1.4757026433944702]
[3274, 1.4191395044326782]
[3275, 1.3905744552612305]
[3276, 1.266759991645813]
[3277, 1.5782936811447144]
[3278, 1.6340728998184204]
[3279, 1.6594804525375366]
[3280, 1.6671857833862305]
[3281, 1.4211167097091675]
[3282, 1.1801265478134155]
[3283, 1.5307722091674805]
[3284, 1.7247060537338257]
[3285, 1.5621721744537354]
[3286, 1.650856375694275]
[3287, 0.6947097182273865]
[3288, 1.6512247323989868]
[3289, 1.638167381286621]
[3290, 1.7350549697875977]
[3291, 1.681235671043396]
[3292, 1.686848521232605]
[3293, 0.9897490739822388]
[3294, 1.4549404382705688]
[3295, 1.5281215906143188]
[3296, 1.5742610692977905]
[3297, 1.4120457172393799]
[3298, 1.658521294593811]
[3299, 1.5782946348190308]
[3300, 1.3160690069198608]
[3301, 1.39215087890625]
[3302, 1.1954973936080933]
[3303, 1.4208464622497559]
[3304, 1.7371829748153687]
[3305, 1.3670648336410522]
[3306, 1.4170292615890503]
[3307, 0.8003470301628113]
[3308, 1.658063292503357]
[3309, 1.617178201675415]
[3310, 1.3680223226547241]
[3311, 1.4947477579116821]
[3312, 1.5681346654891968]
[3313, 1.7069145441055298]
[3314, 1.5140869617462158]
[3315, 1.5138877630233765]
[3316, 1.5597152709960938]
[3317, 1.5506452322006226]
[3318, 1.6859012842178345]
[3319, 1.7479524612426758]
[3320, 1.3904935121536255]
[3321, 1.2063931226730347]
[3322, 1.1902494430541992]
[3323, 1.4466058015823364]
[3324, 1.7282017469406128]
[3325, 1.616296410560608]
[3326, 1.4034044742584229]
[3327, 1.2019720077514648]
[3328, 1.429349660873413]
[3329, 1.6304752826690674]
[3330, 1.5663385391235352]
[3331, 1.5736619234085083]
[3332, 1.6398206949234009]
[3333, 1.3959981203079224]
[3334, 1.5660825967788696]
[3335, 1.5398941040039062]
[3336, 1.6059564352035522]
[3337, 1.6103581190109253]
[3338, 1.3745166063308716]
[3339, 1.562958002090454]
[3340, 1.427800178527832]
[3341, 1.5589231252670288]
[3342, 1.5128428936004639]
[3343, 1.351091980934143]
[3344, 1.4500776529312134]
[3345, 1.5520062446594238]
[3346, 1.593276858329773]
[3347, 1.3408616781234741]
[3348, 1.5485304594039917]
[3349, 1.5965969562530518]
[3350, 1.4309500455856323]
[3351, 1.3978846073150635]
[3352, 1.40321946144104]
[3353, 1.5978177785873413]
[3354, 1.7242716550827026]
[3355, 1.184332251548767]
[3356, 1.5384992361068726]
[3357, 1.450954794883728]
[3358, 1.6556907892227173]
[3359, 1.058391809463501]
[3360, 1.5944511890411377]
[3361, 1.4989237785339355]
[3362, 1.1491000652313232]
[3363, 1.660152792930603]
[3364, 1.7124950885772705]
[3365, 1.5113667249679565]
[3366, 1.5592321157455444]
[3367, 1.5148853063583374]
[3368, 1.5604645013809204]
[3369, 1.4324517250061035]
[3370, 1.440024495124817]
[3371, 1.5367604494094849]
[3372, 1.6025196313858032]
[3373, 1.3220062255859375]
[3374, 1.6587673425674438]
[3375, 1.6882160902023315]
[3376, 1.5233821868896484]
[3377, 1.68480384349823]
[3378, 0.9778005480766296]
[3379, 1.3628119230270386]
[3380, 1.3712425231933594]
[3381, 1.5153276920318604]
[3382, 1.807017207145691]
[3383, 1.2709606885910034]
[3384, 1.2595024108886719]
[3385, 1.5560086965560913]
[3386, 1.278601050376892]
[3387, 1.566587209701538]
[3388, 1.6826452016830444]
[3389, 1.4844493865966797]
[3390, 1.209822654724121]
[3391, 1.6958751678466797]
[3392, 1.582846760749817]
[3393, 1.6260794401168823]
[3394, 1.6082998514175415]
[3395, 1.395551085472107]
[3396, 1.756921648979187]
[3397, 1.5660232305526733]
[3398, 1.659481406211853]
[3399, 1.4264039993286133]
[3400, 1.4405254125595093]
[3401, 1.731183648109436]
[3402, 1.6199918985366821]
[3403, 1.3885931968688965]
[3404, 1.5958274602890015]
[3405, 1.7897140979766846]
[3406, 1.6859359741210938]
[3407, 1.3147977590560913]
[3408, 1.74760901927948]
[3409, 1.6174885034561157]
[3410, 1.7174367904663086]
[3411, 1.5975078344345093]
[3412, 1.223141074180603]
[3413, 1.3162771463394165]
[3414, 1.5198825597763062]
[3415, 1.148977518081665]
[3416, 1.4855142831802368]
[3417, 1.342002511024475]
[3418, 1.2857404947280884]
[3419, 1.406807541847229]
[3420, 1.4847068786621094]
[3421, 1.5032098293304443]
[3422, 0.9128932952880859]
[3423, 1.5274158716201782]
[3424, 1.3730863332748413]
[3425, 1.4770145416259766]
[3426, 1.3893669843673706]
[3427, 1.6283924579620361]
[3428, 1.5722990036010742]
[3429, 1.5132195949554443]
[3430, 1.5365861654281616]
[3431, 1.5322974920272827]
[3432, 1.7890363931655884]
[3433, 1.3861268758773804]
[3434, 1.6706994771957397]
[3435, 1.6285690069198608]
[3436, 1.4026634693145752]
[3437, 1.2741245031356812]
[3438, 1.4326366186141968]
[3439, 1.776804804801941]
[3440, 1.4802950620651245]
[3441, 1.613223671913147]
[3442, 1.6662416458129883]
[3443, 1.571428656578064]
[3444, 1.7006431818008423]
[3445, 1.7218846082687378]
[3446, 1.4698566198349]
[3447, 0.8417832255363464]
[3448, 1.5711599588394165]
[3449, 1.8168333768844604]
[3450, 1.3789538145065308]
[3451, 1.5946838855743408]
[3452, 1.5635980367660522]
[3453, 1.367911696434021]
[3454, 1.3002794981002808]
[3455, 1.6678539514541626]
[3456, 1.1741005182266235]
[3457, 1.6620731353759766]
[3458, 1.5912667512893677]
[3459, 1.0810788869857788]
[3460, 1.2976051568984985]
[3461, 1.5600413084030151]
[3462, 1.4674561023712158]
[3463, 1.4734851121902466]
[3464, 1.3611210584640503]
[3465, 1.5813945531845093]
[3466, 1.5384974479675293]
[3467, 1.8321819305419922]
[3468, 1.4088422060012817]
[3469, 1.6258941888809204]
[3470, 1.7487213611602783]
[3471, 1.548967719078064]
[3472, 1.6149901151657104]
[3473, 1.6391632556915283]
[3474, 1.7232412099838257]
[3475, 1.2912416458129883]
[3476, 1.6581264734268188]
[3477, 1.4460772275924683]
[3478, 1.366223692893982]
[3479, 1.5591849088668823]
[3480, 1.3176405429840088]
[3481, 1.61296808719635]
[3482, 1.405470848083496]
[3483, 1.6441868543624878]
[3484, 1.5095809698104858]
[3485, 1.234923243522644]
[3486, 1.571745753288269]
[3487, 1.7936041355133057]
[3488, 1.421369194984436]
[3489, 1.6500475406646729]
[3490, 1.3827115297317505]
[3491, 1.124814510345459]
[3492, 1.3321003913879395]
[3493, 1.4713748693466187]
[3494, 1.094538688659668]
[3495, 1.4777100086212158]
[3496, 1.6108242273330688]
[3497, 1.005458950996399]
[3498, 1.6577072143554688]
[3499, 1.3490270376205444]
[3500, 1.6508516073226929]
[3501, 1.1361745595932007]
[3502, 1.343400239944458]
[3503, 1.4295037984848022]
[3504, 1.6708297729492188]
[3505, 1.5670417547225952]
[3506, 1.3796783685684204]
[3507, 1.596374750137329]
[3508, 1.6528294086456299]
[3509, 1.4502090215682983]
[3510, 1.6211999654769897]
[3511, 1.4195070266723633]
[3512, 1.53573477268219]
[3513, 1.6301414966583252]
[3514, 1.5895031690597534]
[3515, 1.5358206033706665]
[3516, 1.4041292667388916]
[3517, 1.2181828022003174]
[3518, 1.072862982749939]
[3519, 1.576353669166565]
[3520, 1.5345243215560913]
[3521, 1.2328358888626099]
[3522, 1.342499017715454]
[3523, 1.633500337600708]
[3524, 1.6035293340682983]
[3525, 1.6437886953353882]
[3526, 1.6575876474380493]
[3527, 1.600965142250061]
[3528, 1.2302197217941284]
[3529, 1.5028132200241089]
[3530, 1.571652889251709]
[3531, 1.735099196434021]
[3532, 1.626459002494812]
[3533, 1.4130734205245972]
[3534, 1.7570838928222656]
[3535, 1.4276347160339355]
[3536, 1.4215120077133179]
[3537, 1.568410873413086]
[3538, 1.606715202331543]
[3539, 1.1573739051818848]
[3540, 1.54686439037323]
[3541, 1.2337311506271362]
[3542, 1.5048160552978516]
[3543, 1.500503420829773]
[3544, 1.5417096614837646]
[3545, 1.4858677387237549]
[3546, 1.373382568359375]
[3547, 1.2623225450515747]
[3548, 1.3720123767852783]
[3549, 1.3050016164779663]
[3550, 1.43711519241333]
[3551, 1.701149582862854]
[3552, 1.045798897743225]
[3553, 1.3609949350357056]
[3554, 1.6860802173614502]
[3555, 1.7941020727157593]
[3556, 1.5369625091552734]
[3557, 1.6316839456558228]
[3558, 1.212493896484375]
[3559, 1.3619334697723389]
[3560, 1.5965633392333984]
[3561, 1.3380217552185059]
[3562, 1.1978620290756226]
[3563, 1.6115516424179077]
[3564, 1.7014340162277222]
[3565, 1.518768072128296]
[3566, 1.240451455116272]
[3567, 1.467197060585022]
[3568, 1.6966629028320312]
[3569, 1.7320278882980347]
[3570, 1.6193221807479858]
[3571, 1.6875938177108765]
[3572, 1.565462350845337]
[3573, 1.5879820585250854]
[3574, 1.5013960599899292]
[3575, 1.1817337274551392]
[3576, 1.3676116466522217]
[3577, 1.8300732374191284]
[3578, 1.8170280456542969]
[3579, 1.479356050491333]
[3580, 1.5881195068359375]
[3581, 1.6564314365386963]
[3582, 1.5278382301330566]
[3583, 1.4568874835968018]
[3584, 1.5095224380493164]
[3585, 1.7213906049728394]
[3586, 1.7110108137130737]
[3587, 1.5008043050765991]
[3588, 1.4909743070602417]
[3589, 1.293273687362671]
[3590, 1.3363546133041382]
[3591, 1.635870337486267]
[3592, 1.444671869277954]
[3593, 1.4152450561523438]
[3594, 1.6537708044052124]
[3595, 1.679374098777771]
[3596, 1.2692984342575073]
[3597, 1.6870384216308594]
[3598, 1.348242163658142]
[3599, 1.7198609113693237]
[3600, 1.6501537561416626]
[3601, 1.5146613121032715]
[3602, 1.4841140508651733]
[3603, 1.5992563962936401]
[3604, 1.5303757190704346]
[3605, 1.3139740228652954]
[3606, 1.5355587005615234]
[3607, 1.5501667261123657]
[3608, 1.7177562713623047]
[3609, 1.7223730087280273]
[3610, 1.5823675394058228]
[3611, 1.32819402217865]
[3612, 1.646774172782898]
[3613, 1.2909337282180786]
[3614, 1.387573480606079]
[3615, 1.3167916536331177]
[3616, 1.396736979484558]
[3617, 1.61089289188385]
[3618, 1.7801727056503296]
[3619, 1.302088737487793]
[3620, 1.587717890739441]
[3621, 1.478790283203125]
[3622, 1.5449074506759644]
[3623, 1.7197656631469727]
[3624, 1.7136108875274658]
[3625, 1.6873607635498047]
[3626, 1.3484448194503784]
[3627, 1.4277342557907104]
[3628, 1.4263584613800049]
[3629, 1.4179904460906982]
[3630, 1.0933887958526611]
[3631, 1.3780125379562378]
[3632, 1.4268274307250977]
[3633, 1.452500343322754]
[3634, 1.4863804578781128]
[3635, 1.766208291053772]
[3636, 1.665941596031189]
[3637, 1.3726495504379272]
[3638, 1.5169212818145752]
[3639, 1.641272783279419]
[3640, 1.479248285293579]
[3641, 1.3506243228912354]
[3642, 1.6211315393447876]
[3643, 1.5334001779556274]
[3644, 1.717754602432251]
[3645, 1.7534595727920532]
[3646, 1.615538239479065]
[3647, 1.4458324909210205]
[3648, 1.5661747455596924]
[3649, 1.4329897165298462]
[3650, 1.519857406616211]
[3651, 1.0495463609695435]
[3652, 1.4519805908203125]
[3653, 1.5461491346359253]
[3654, 1.518912672996521]
[3655, 1.533831238746643]
[3656, 1.5769426822662354]
[3657, 1.2305554151535034]
[3658, 1.2942860126495361]
[3659, 1.6658703088760376]
[3660, 1.220656394958496]
[3661, 1.6186046600341797]
[3662, 1.6470788717269897]
[3663, 1.5313769578933716]
[3664, 1.5403856039047241]
[3665, 1.5621953010559082]
[3666, 1.5001473426818848]
[3667, 1.4003580808639526]
[3668, 1.5583864450454712]
[3669, 1.4240330457687378]
[3670, 1.752536416053772]
[3671, 1.59908127784729]
[3672, 1.5253493785858154]
[3673, 1.50386643409729]
[3674, 1.6120731830596924]
[3675, 1.5534077882766724]
[3676, 1.1175812482833862]
[3677, 1.6903733015060425]
[3678, 1.5577589273452759]
[3679, 1.685951590538025]
[3680, 1.432000756263733]
[3681, 1.3210281133651733]
[3682, 1.516937255859375]
[3683, 1.6563690900802612]
[3684, 1.5538831949234009]
[3685, 1.6033309698104858]
[3686, 1.2706924676895142]
[3687, 1.5995872020721436]
[3688, 1.2822494506835938]
[3689, 1.3298794031143188]
[3690, 1.500372290611267]
[3691, 1.4970840215682983]
[3692, 1.810105562210083]
[3693, 1.4654598236083984]
[3694, 1.3523410558700562]
[3695, 1.7741501331329346]
[3696, 1.6535634994506836]
[3697, 1.5950971841812134]
[3698, 1.5278351306915283]
[3699, 1.609126091003418]
[3700, 1.6778606176376343]
[3701, 1.6226714849472046]
[3702, 1.6955093145370483]
[3703, 1.529168963432312]
[3704, 1.287730097770691]
[3705, 1.531329870223999]
[3706, 1.5095012187957764]
[3707, 1.6494638919830322]
[3708, 1.5641989707946777]
[3709, 1.7165895700454712]
[3710, 1.5020713806152344]
[3711, 1.6737797260284424]
[3712, 1.5353015661239624]
[3713, 1.5145776271820068]
[3714, 1.7633968591690063]
[3715, 1.589849829673767]
[3716, 1.7489702701568604]
[3717, 1.7441074848175049]
[3718, 1.276172161102295]
[3719, 1.727708101272583]
[3720, 1.2929644584655762]
[3721, 1.0988564491271973]
[3722, 1.181818962097168]
[3723, 1.5166923999786377]
[3724, 1.6200459003448486]
[3725, 1.6098686456680298]
[3726, 1.7775322198867798]
[3727, 1.5112190246582031]
[3728, 1.6984367370605469]
[3729, 1.3409785032272339]
[3730, 1.442354679107666]
[3731, 1.6981146335601807]
[3732, 1.575730323791504]
[3733, 1.7817884683609009]
[3734, 1.6646569967269897]
[3735, 1.5537941455841064]
[3736, 1.614848017692566]
[3737, 1.5691322088241577]
[3738, 1.6473387479782104]
[3739, 1.5222965478897095]
[3740, 1.6861237287521362]
[3741, 1.5857499837875366]
[3742, 1.5149422883987427]
[3743, 1.458695650100708]
[3744, 1.6189857721328735]
[3745, 1.7903438806533813]
[3746, 1.4401136636734009]
[3747, 1.7175472974777222]
[3748, 1.6987937688827515]
[3749, 1.5601390600204468]
[3750, 1.5549989938735962]
[3751, 1.7997972965240479]
[3752, 1.632186770439148]
[3753, 1.701276183128357]
[3754, 1.6233872175216675]
[3755, 1.8557157516479492]
[3756, 1.6313198804855347]
[3757, 1.5267728567123413]
[3758, 1.5849558115005493]
[3759, 1.3701555728912354]
[3760, 1.2814632654190063]
[3761, 1.7415844202041626]
[3762, 1.6312397718429565]
[3763, 1.6857280731201172]
[3764, 1.43108332157135]
[3765, 1.1050331592559814]
[3766, 1.6390146017074585]
[3767, 1.3175010681152344]
[3768, 1.5054289102554321]
[3769, 1.3319376707077026]
[3770, 1.4552725553512573]
[3771, 1.6556475162506104]
[3772, 1.6277157068252563]
[3773, 1.5718339681625366]
[3774, 1.2177304029464722]
[3775, 1.7911218404769897]
[3776, 1.7393463850021362]
[3777, 1.749550223350525]
[3778, 1.3201791048049927]
[3779, 1.3562557697296143]
[3780, 1.360228180885315]
[3781, 1.7091286182403564]
[3782, 1.5181244611740112]
[3783, 1.7440646886825562]
[3784, 1.5824724435806274]
[3785, 1.7615517377853394]
[3786, 1.7734419107437134]
[3787, 1.6707667112350464]
[3788, 1.7567176818847656]
[3789, 1.7605621814727783]
[3790, 1.8061116933822632]
[3791, 1.6585829257965088]
[3792, 1.473597526550293]
[3793, 1.4363263845443726]
[3794, 1.485655426979065]
[3795, 1.4268872737884521]
[3796, 1.1906306743621826]
[3797, 1.7516354322433472]
[3798, 1.5918196439743042]
[3799, 1.7212238311767578]
[3800, 1.7896822690963745]
[3801, 1.4476568698883057]
[3802, 1.7079441547393799]
[3803, 1.4432133436203003]
[3804, 1.4366223812103271]
[3805, 1.7736707925796509]
[3806, 1.6966469287872314]
[3807, 1.3823350667953491]
[3808, 1.7029441595077515]
[3809, 1.7280539274215698]
[3810, 1.8498729467391968]
[3811, 1.6892101764678955]
[3812, 1.7682831287384033]
[3813, 1.592342734336853]
[3814, 1.7347033023834229]
[3815, 1.7549021244049072]
[3816, 1.5636444091796875]
[3817, 1.5647624731063843]
[3818, 1.7764326333999634]
[3819, 1.5715999603271484]
[3820, 1.6162821054458618]
[3821, 1.750867486000061]
[3822, 1.6064900159835815]
[3823, 1.6774208545684814]
[3824, 1.5384660959243774]
[3825, 1.38863205909729]
[3826, 1.3928776979446411]
[3827, 1.2446049451828003]
[3828, 1.4719643592834473]
[3829, 1.7050961256027222]
[3830, 1.5097362995147705]
[3831, 1.4708832502365112]
[3832, 1.2213432788848877]
[3833, 1.4957966804504395]
[3834, 1.3514784574508667]
[3835, 1.6417055130004883]
[3836, 1.2804309129714966]
[3837, 1.683791995048523]
[3838, 1.4115334749221802]
[3839, 1.532567024230957]
[3840, 1.4475969076156616]
[3841, 1.3246361017227173]
[3842, 1.1628870964050293]
[3843, 1.6363457441329956]
[3844, 1.479438304901123]
[3845, 1.6294435262680054]
[3846, 1.6741842031478882]
[3847, 1.7855240106582642]
[3848, 1.783498764038086]
[3849, 1.6921786069869995]
[3850, 1.7103309631347656]
[3851, 1.5983281135559082]
[3852, 1.647228479385376]
[3853, 1.6780052185058594]
[3854, 1.4457955360412598]
[3855, 1.6291990280151367]
[3856, 1.6549638509750366]
[3857, 1.6112397909164429]
[3858, 1.7620056867599487]
[3859, 1.5592619180679321]
[3860, 1.4460694789886475]
[3861, 1.5428990125656128]
[3862, 1.7598739862442017]
[3863, 1.8574059009552002]
[3864, 1.3281053304672241]
[3865, 1.4785511493682861]
[3866, 1.0725010633468628]
[3867, 1.5307093858718872]
[3868, 1.487406611442566]
[3869, 1.521439552307129]
[3870, 1.7234115600585938]
[3871, 1.2445675134658813]
[3872, 1.5029059648513794]
[3873, 1.3091381788253784]
[3874, 1.5890190601348877]
[3875, 1.4891035556793213]
[3876, 1.5783991813659668]
[3877, 1.4014248847961426]
[3878, 1.73592209815979]
[3879, 1.64437997341156]
[3880, 1.679743766784668]
[3881, 1.6459137201309204]
[3882, 1.177592158317566]
[3883, 1.2833752632141113]
[3884, 1.5618005990982056]
[3885, 1.3814548254013062]
[3886, 1.3608754873275757]
[3887, 1.3715108633041382]
[3888, 0.9494480490684509]
[3889, 1.5462336540222168]
[3890, 1.6315879821777344]
[3891, 1.6189708709716797]
[3892, 1.442586064338684]
[3893, 1.479467749595642]
[3894, 1.543622612953186]
[3895, 0.9143309593200684]
[3896, 1.652300238609314]
[3897, 1.6252552270889282]
[3898, 1.6080143451690674]
[3899, 1.4294239282608032]
[3900, 1.4435336589813232]
[3901, 1.4795351028442383]
[3902, 1.450049638748169]
[3903, 1.6159915924072266]
[3904, 1.4864534139633179]
[3905, 1.8272953033447266]
[3906, 1.4184976816177368]
[3907, 1.695657730102539]
[3908, 1.6524736881256104]
[3909, 1.4313119649887085]
[3910, 1.6353521347045898]
[3911, 1.6770228147506714]
[3912, 1.1756188869476318]
[3913, 1.6057668924331665]
[3914, 1.6785410642623901]
[3915, 1.495011329650879]
[3916, 1.7864454984664917]
[3917, 1.1926735639572144]
[3918, 1.5778974294662476]
[3919, 0.9585718512535095]
[3920, 1.4809786081314087]
[3921, 1.5532147884368896]
[3922, 1.6680549383163452]
[3923, 1.6473442316055298]
[3924, 1.1250660419464111]
[3925, 1.318373680114746]
[3926, 1.7175816297531128]
[3927, 1.475037932395935]
[3928, 1.425310492515564]
[3929, 1.3413716554641724]
[3930, 1.5143588781356812]
[3931, 1.5720752477645874]
[3932, 1.3635908365249634]
[3933, 1.7733879089355469]
[3934, 1.4052828550338745]
[3935, 1.4624366760253906]
[3936, 1.6303268671035767]
[3937, 1.3976978063583374]
[3938, 1.6055889129638672]
[3939, 1.6026467084884644]
[3940, 1.5589443445205688]
[3941, 1.8241528272628784]
[3942, 1.357188105583191]
[3943, 1.7579063177108765]
[3944, 1.5327198505401611]
[3945, 1.4573135375976562]
[3946, 1.516983985900879]
[3947, 1.7675083875656128]
[3948, 1.683491587638855]
[3949, 1.595667839050293]
[3950, 1.5515425205230713]
[3951, 1.7195653915405273]
[3952, 1.650617003440857]
[3953, 1.3446203470230103]
[3954, 1.671172022819519]
[3955, 1.5127215385437012]
[3956, 1.3500555753707886]
[3957, 1.6997400522232056]
[3958, 1.6184784173965454]
[3959, 1.494746208190918]
[3960, 1.6721378564834595]
[3961, 1.2187610864639282]
[3962, 1.5729215145111084]
[3963, 1.8497635126113892]
[3964, 1.4987512826919556]
[3965, 1.5829976797103882]
[3966, 1.5212608575820923]
[3967, 1.3068910837173462]
[3968, 1.7542537450790405]
[3969, 1.5686142444610596]
[3970, 1.4908428192138672]
[3971, 1.7527769804000854]
[3972, 1.654746651649475]
[3973, 1.637366533279419]
[3974, 1.4997657537460327]
[3975, 1.4585093259811401]
[3976, 1.6691728830337524]
[3977, 1.6659141778945923]
[3978, 1.68977952003479]
[3979, 1.7299836874008179]
[3980, 1.3759034872055054]
[3981, 1.7140305042266846]
[3982, 1.7770031690597534]
[3983, 1.5057904720306396]
[3984, 1.636888861656189]
[3985, 1.620417833328247]
[3986, 1.716761827468872]
[3987, 1.6614328622817993]
[3988, 1.3832250833511353]
[3989, 1.7347452640533447]
[3990, 1.612043023109436]
[3991, 1.6409521102905273]
[3992, 1.7633088827133179]
[3993, 1.825290560722351]
[3994, 1.426759958267212]
[3995, 1.7001169919967651]
[3996, 1.5713605880737305]
[3997, 1.0653952360153198]
[3998, 1.5261294841766357]
[3999, 1.3991836309432983]
[4000, 1.637292504310608]
[4001, 1.8299654722213745]
[4002, 1.6282720565795898]
[4003, 1.6728318929672241]
[4004, 1.5331157445907593]
[4005, 1.5846827030181885]
[4006, 1.7565916776657104]
[4007, 1.6638306379318237]
[4008, 1.2993805408477783]
[4009, 1.3294023275375366]
[4010, 1.5865033864974976]
[4011, 1.781106948852539]
[4012, 1.857272982597351]
[4013, 1.7806322574615479]
[4014, 1.4361982345581055]
[4015, 1.0128157138824463]
[4016, 1.5143184661865234]
[4017, 1.7564138174057007]
[4018, 1.8174628019332886]
[4019, 1.655587077140808]
[4020, 1.3577536344528198]
[4021, 1.6871130466461182]
[4022, 1.2839685678482056]
[4023, 1.743516206741333]
[4024, 1.6587952375411987]
[4025, 1.5487693548202515]
[4026, 1.6728813648223877]
[4027, 1.1620492935180664]
[4028, 1.5280852317810059]
[4029, 1.7959202527999878]
[4030, 1.7612199783325195]
[4031, 1.5906355381011963]
[4032, 1.727849006652832]
[4033, 1.7580528259277344]
[4034, 1.6871048212051392]
[4035, 1.1362969875335693]
[4036, 1.8140099048614502]
[4037, 1.6752268075942993]
[4038, 1.835845947265625]
[4039, 1.6832627058029175]
[4040, 1.7296093702316284]
[4041, 1.703176736831665]
[4042, 1.6952581405639648]
[4043, 1.4374302625656128]
[4044, 1.7644051313400269]
[4045, 1.649321436882019]
[4046, 1.4130882024765015]
[4047, 1.6325596570968628]
[4048, 1.539005994796753]
[4049, 1.9017345905303955]
[4050, 1.5625451803207397]
[4051, 1.7474033832550049]
[4052, 1.6305545568466187]
[4053, 1.508677363395691]
[4054, 1.3871582746505737]
[4055, 1.2903496026992798]
[4056, 1.8237793445587158]
[4057, 1.718796968460083]
[4058, 1.6572731733322144]
[4059, 1.6783666610717773]
[4060, 1.8037341833114624]
[4061, 1.5675066709518433]
[4062, 1.829446792602539]
[4063, 1.6252628564834595]
[4064, 1.3016475439071655]
[4065, 1.6507128477096558]
[4066, 1.8486967086791992]
[4067, 1.7442930936813354]
[4068, 1.750780701637268]
[4069, 1.3592510223388672]
[4070, 1.703133225440979]
[4071, 1.5599459409713745]
[4072, 1.7410598993301392]
[4073, 1.8705577850341797]
[4074, 1.7424417734146118]
[4075, 1.5180284976959229]
[4076, 1.7983125448226929]
[4077, 1.5996674299240112]
[4078, 1.8038758039474487]
[4079, 1.7552238702774048]
[4080, 1.3543344736099243]
[4081, 1.4762545824050903]
[4082, 1.7883808612823486]
[4083, 1.8274949789047241]
[4084, 1.6471493244171143]
[4085, 1.635140299797058]
[4086, 1.7581100463867188]
[4087, 1.5091419219970703]
[4088, 1.7878026962280273]
[4089, 1.543297290802002]
[4090, 1.7675412893295288]
[4091, 1.7516720294952393]
[4092, 1.3669440746307373]
[4093, 1.659751534461975]
[4094, 1.2583723068237305]
[4095, 1.717970848083496]
[4096, 1.7628635168075562]
[4097, 1.6441525220870972]
[4098, 1.7711433172225952]
[4099, 1.760947823524475]
[4100, 1.75096595287323]
[4101, 1.5352659225463867]
[4102, 1.866014838218689]
[4103, 1.7347790002822876]
[4104, 1.3097777366638184]
[4105, 1.6735655069351196]
[4106, 1.6688629388809204]
[4107, 1.792745590209961]
[4108, 1.4421476125717163]
[4109, 1.7540050745010376]
[4110, 1.631529688835144]
[4111, 1.231380820274353]
[4112, 1.7309982776641846]
[4113, 1.7495014667510986]
[4114, 1.3593454360961914]
[4115, 1.4305561780929565]
[4116, 1.3632432222366333]
[4117, 1.6349338293075562]
[4118, 1.8176931142807007]
[4119, 1.6747400760650635]
[4120, 1.3679285049438477]
[4121, 1.798966646194458]
[4122, 1.5901273488998413]
[4123, 1.7172363996505737]
[4124, 1.5420175790786743]
[4125, 1.7919765710830688]
[4126, 1.1732752323150635]
[4127, 1.6111787557601929]
[4128, 1.5953171253204346]
[4129, 1.65762197971344]
[4130, 1.4978392124176025]
[4131, 1.5369623899459839]
[4132, 1.6329069137573242]
[4133, 1.8234550952911377]
[4134, 1.7861136198043823]
[4135, 1.8209609985351562]
[4136, 1.4843311309814453]
[4137, 1.6667366027832031]
[4138, 1.672723412513733]
[4139, 1.845713496208191]
[4140, 1.6680344343185425]
[4141, 1.6001884937286377]
[4142, 0.8922516107559204]
[4143, 1.7897228002548218]
[4144, 1.2632278203964233]
[4145, 1.7139040231704712]
[4146, 1.3460800647735596]
[4147, 1.7781349420547485]
[4148, 1.7392305135726929]
[4149, 1.8108748197555542]
[4150, 1.6219490766525269]
[4151, 1.4746209383010864]
[4152, 1.6907777786254883]
[4153, 1.6085319519042969]
[4154, 1.4258865118026733]
[4155, 1.7990270853042603]
[4156, 1.7600845098495483]
[4157, 1.8529423475265503]
[4158, 1.6398258209228516]
[4159, 1.6278866529464722]
[4160, 1.7163622379302979]
[4161, 1.7272493839263916]
[4162, 1.8277826309204102]
[4163, 1.3108317852020264]
[4164, 1.748511552810669]
[4165, 1.0356297492980957]
[4166, 1.3477318286895752]
[4167, 1.60787034034729]
[4168, 1.5242692232131958]
[4169, 1.6877535581588745]
[4170, 1.858826994895935]
[4171, 1.556401252746582]
[4172, 1.7066984176635742]
[4173, 1.6113494634628296]
[4174, 1.3137937784194946]
[4175, 1.7364822626113892]
[4176, 1.5674580335617065]
[4177, 1.7357009649276733]
[4178, 1.7193855047225952]
[4179, 1.6785846948623657]
[4180, 1.4926317930221558]
[4181, 1.849802017211914]
[4182, 1.8156133890151978]
[4183, 1.8336762189865112]
[4184, 1.5543222427368164]
[4185, 1.454323172569275]
[4186, 1.4617395401000977]
[4187, 1.872662901878357]
[4188, 1.708635687828064]
[4189, 1.1545675992965698]
[4190, 1.7770073413848877]
[4191, 1.9039156436920166]
[4192, 1.4393653869628906]
[4193, 1.6959046125411987]
[4194, 1.7008678913116455]
[4195, 1.2572317123413086]
[4196, 1.7794281244277954]
[4197, 1.5433346033096313]
[4198, 1.5389461517333984]
[4199, 1.8746765851974487]
[4200, 1.485803484916687]
[4201, 1.7457199096679688]
[4202, 1.6304668188095093]
[4203, 1.7429004907608032]
[4204, 1.7977653741836548]
[4205, 1.42897629737854]
[4206, 0.8003438115119934]
[4207, 0.7037630677223206]
[4208, 1.8633081912994385]
[4209, 1.7830547094345093]
[4210, 1.8347100019454956]
[4211, 1.8644697666168213]
[4212, 1.3096117973327637]
[4213, 1.684092402458191]
[4214, 1.8030979633331299]
[4215, 1.588873267173767]
[4216, 1.822654366493225]
[4217, 1.4471321105957031]
[4218, 1.7851402759552002]
[4219, 1.8098102807998657]
[4220, 1.8554039001464844]
[4221, 1.7563743591308594]
[4222, 1.2588616609573364]
[4223, 1.5852125883102417]
[4224, 1.694353461265564]
[4225, 1.0302937030792236]
[4226, 1.633607268333435]
[4227, 1.6342880725860596]
[4228, 1.8413212299346924]
[4229, 1.8307602405548096]
[4230, 1.8242698907852173]
[4231, 1.641204833984375]
[4232, 1.5406893491744995]
[4233, 1.7661354541778564]
[4234, 1.4187926054000854]
[4235, 1.1885064840316772]
[4236, 1.751194953918457]
[4237, 1.7404817342758179]
[4238, 1.5721262693405151]
[4239, 1.1955188512802124]
[4240, 0.9402777552604675]
[4241, 1.7037304639816284]
[4242, 1.614676833152771]
[4243, 1.5138102769851685]
[4244, 1.7077184915542603]
[4245, 1.5175937414169312]
[4246, 1.1458017826080322]
[4247, 1.4930241107940674]
[4248, 1.731337547302246]
[4249, 1.6963768005371094]
[4250, 1.722438097000122]
[4251, 1.7904552221298218]
[4252, 1.7948112487792969]
[4253, 1.6063257455825806]
[4254, 1.6390565633773804]
[4255, 1.6063731908798218]
[4256, 1.7498892545700073]
[4257, 1.30763840675354]
[4258, 1.7545130252838135]
[4259, 1.7715967893600464]
[4260, 1.6144046783447266]
[4261, 1.8135414123535156]
[4262, 1.4507421255111694]
[4263, 1.3495038747787476]
[4264, 1.6612799167633057]
[4265, 1.4214980602264404]
[4266, 1.8436740636825562]
[4267, 1.0078833103179932]
[4268, 1.7058712244033813]
[4269, 1.653135895729065]
[4270, 1.5379842519760132]
[4271, 1.7899417877197266]
[4272, 1.8763458728790283]
[4273, 1.7449684143066406]
[4274, 1.8132978677749634]
[4275, 1.7446889877319336]
[4276, 1.84102463722229]
[4277, 1.607905387878418]
[4278, 1.8637367486953735]
[4279, 1.7585089206695557]
[4280, 1.6889694929122925]
[4281, 1.8042701482772827]
[4282, 1.8484004735946655]
[4283, 1.5685313940048218]
[4284, 1.3406461477279663]
[4285, 1.6560178995132446]
[4286, 1.8495632410049438]
[4287, 1.413619875907898]
[4288, 1.7980148792266846]
[4289, 1.6105949878692627]
[4290, 1.6991745233535767]
[4291, 1.6043709516525269]
[4292, 1.5766544342041016]
[4293, 1.0381656885147095]
[4294, 1.7749273777008057]
[4295, 1.6545746326446533]
[4296, 1.4950653314590454]
[4297, 1.3583405017852783]
[4298, 1.6912879943847656]
[4299, 1.5800409317016602]
[4300, 1.6986446380615234]
[4301, 1.0909013748168945]
[4302, 1.8378762006759644]
[4303, 1.4119194746017456]
[4304, 1.720710039138794]
[4305, 1.7623493671417236]
[4306, 1.6600910425186157]
[4307, 1.671639084815979]
[4308, 1.4507502317428589]
[4309, 1.4766231775283813]
[4310, 1.6531814336776733]
[4311, 1.7783558368682861]
[4312, 1.7591341733932495]
[4313, 1.4974918365478516]
[4314, 1.7830957174301147]
[4315, 1.544049859046936]
[4316, 0.9530125856399536]
[4317, 1.7918201684951782]
[4318, 1.7198337316513062]
[4319, 1.8497228622436523]
[4320, 1.7067997455596924]
[4321, 1.5213903188705444]
[4322, 1.7468162775039673]
[4323, 1.149760127067566]
[4324, 1.7053329944610596]
[4325, 1.7091506719589233]
[4326, 1.6467316150665283]
[4327, 1.8675087690353394]
[4328, 1.702134370803833]
[4329, 1.6868177652359009]
[4330, 1.6040791273117065]
[4331, 1.7763632535934448]
[4332, 1.8524616956710815]
[4333, 1.818150520324707]
[4334, 1.327486515045166]
[4335, 1.6897029876708984]
[4336, 1.5009310245513916]
[4337, 1.5783005952835083]
[4338, 1.745093584060669]
[4339, 1.6709316968917847]
[4340, 1.5651768445968628]
[4341, 1.7719976902008057]
[4342, 1.6932166814804077]
[4343, 1.5822824239730835]
[4344, 1.702765703201294]
[4345, 1.6203930377960205]
[4346, 1.7800544500350952]
[4347, 1.6643495559692383]
[4348, 1.8502329587936401]
[4349, 1.603204369544983]
[4350, 1.7805489301681519]
[4351, 1.7285574674606323]
[4352, 1.664994478225708]
[4353, 1.809356689453125]
[4354, 1.860608696937561]
[4355, 1.762109637260437]
[4356, 1.8085241317749023]
[4357, 1.8279619216918945]
[4358, 1.5724295377731323]
[4359, 1.2789415121078491]
[4360, 1.5354444980621338]
[4361, 1.6902084350585938]
[4362, 1.6381371021270752]
[4363, 1.1640963554382324]
[4364, 1.7531715631484985]
[4365, 0.5804776549339294]
[4366, 1.608384370803833]
[4367, 1.7380599975585938]
[4368, 1.448879599571228]
[4369, 1.7622860670089722]
[4370, 1.6846898794174194]
[4371, 1.6169589757919312]
[4372, 1.8692715167999268]
[4373, 1.4335883855819702]
[4374, 1.5713924169540405]
[4375, 1.7649545669555664]
[4376, 1.686123251914978]
[4377, 1.6493170261383057]
[4378, 1.8439263105392456]
[4379, 1.7377277612686157]
[4380, 1.7592216730117798]
[4381, 1.7512801885604858]
[4382, 1.5646148920059204]
[4383, 1.6259132623672485]
[4384, 1.791932463645935]
[4385, 1.4230594635009766]
[4386, 1.7668293714523315]
[4387, 1.8242911100387573]
[4388, 1.8686107397079468]
[4389, 1.5364869832992554]
[4390, 1.7792091369628906]
[4391, 1.365831971168518]
[4392, 0.7108489871025085]
[4393, 1.6907119750976562]
[4394, 1.8434356451034546]
[4395, 1.5495076179504395]
[4396, 1.8576077222824097]
[4397, 1.5094603300094604]
[4398, 1.7959192991256714]
[4399, 1.6875370740890503]
[4400, 1.6719543933868408]
[4401, 1.7546356916427612]
[4402, 1.8640358448028564]
[4403, 1.8074477910995483]
[4404, 1.7956990003585815]
[4405, 1.565999984741211]
[4406, 1.4523385763168335]
[4407, 1.7355064153671265]
[4408, 1.8156719207763672]
[4409, 1.7622623443603516]
[4410, 1.7754173278808594]
[4411, 1.8784027099609375]
[4412, 1.6176561117172241]
[4413, 1.7248811721801758]
[4414, 1.584001898765564]
[4415, 1.363059401512146]
[4416, 1.7378841638565063]
[4417, 1.6245167255401611]
[4418, 1.74921452999115]
[4419, 1.577226996421814]
[4420, 1.8383690118789673]
[4421, 1.7514523267745972]
[4422, 1.3176449537277222]
[4423, 1.8525232076644897]
[4424, 1.5867964029312134]
[4425, 1.1307432651519775]
[4426, 1.8776819705963135]
[4427, 1.5792416334152222]
[4428, 1.2298187017440796]
[4429, 1.8128618001937866]
[4430, 1.7055763006210327]
[4431, 1.8598358631134033]
[4432, 1.8407115936279297]
[4433, 1.8951265811920166]
[4434, 1.6794544458389282]
[4435, 1.7659450769424438]
[4436, 1.76260507106781]
[4437, 1.834638237953186]
[4438, 1.731506586074829]
[4439, 1.5725128650665283]
[4440, 1.8204458951950073]
[4441, 1.7970001697540283]
[4442, 1.491530179977417]
[4443, 1.6247749328613281]
[4444, 1.4831887483596802]
[4445, 1.7942463159561157]
[4446, 1.8554867506027222]
[4447, 1.3315446376800537]
[4448, 1.726643443107605]
[4449, 1.7539787292480469]
[4450, 1.7154797315597534]
[4451, 1.8111332654953003]
[4452, 1.7200794219970703]
[4453, 1.822546362876892]
[4454, 1.6509380340576172]
[4455, 1.7465790510177612]
[4456, 1.4892548322677612]
[4457, 1.7355514764785767]
[4458, 1.7477493286132812]
[4459, 1.261486291885376]
[4460, 1.8158212900161743]
[4461, 1.2270398139953613]
[4462, 1.8013356924057007]
[4463, 1.593308448791504]
[4464, 1.8007290363311768]
[4465, 1.8461192846298218]
[4466, 1.6921888589859009]
[4467, 1.8270273208618164]
[4468, 1.5832464694976807]
[4469, 1.481667160987854]
[4470, 1.792850136756897]
[4471, 1.8113632202148438]
[4472, 1.865281105041504]
[4473, 1.5696887969970703]
[4474, 1.631935477256775]
[4475, 1.6386644840240479]
[4476, 1.4384790658950806]
[4477, 1.7412484884262085]
[4478, 1.7501014471054077]
[4479, 1.7888332605361938]
[4480, 1.8553485870361328]
[4481, 1.7978976964950562]
[4482, 1.7484371662139893]
[4483, 1.852996826171875]
[4484, 1.7821362018585205]
[4485, 1.8120275735855103]
[4486, 1.371712327003479]
[4487, 1.9063024520874023]
[4488, 1.8199131488800049]
[4489, 1.8336971998214722]
[4490, 1.7899366617202759]
[4491, 1.6891659498214722]
[4492, 1.5689984560012817]
[4493, 1.775177240371704]
[4494, 1.4408342838287354]
[4495, 1.6621173620224]
[4496, 1.6597000360488892]
[4497, 1.2901544570922852]
[4498, 1.7298997640609741]
[4499, 1.525457739830017]
[4500, 1.796624779701233]
[4501, 1.770545244216919]
[4502, 1.8231264352798462]
[4503, 1.745618224143982]
[4504, 1.7370519638061523]
[4505, 1.1603163480758667]
[4506, 1.9027836322784424]
[4507, 1.7355221509933472]
[4508, 1.5339659452438354]
[4509, 1.7373491525650024]
[4510, 1.7270315885543823]
[4511, 1.7618671655654907]
[4512, 1.7902969121932983]
[4513, 1.8230417966842651]
[4514, 1.8041839599609375]
[4515, 1.272851586341858]
[4516, 1.7072712182998657]
[4517, 1.7343482971191406]
[4518, 1.7597440481185913]
[4519, 1.7471145391464233]
[4520, 1.608515977859497]
[4521, 1.8337723016738892]
[4522, 1.8320190906524658]
[4523, 1.7436691522598267]
[4524, 1.6334961652755737]
[4525, 1.8178848028182983]
[4526, 1.769180178642273]
[4527, 1.8693042993545532]
[4528, 1.675410509109497]
[4529, 1.7871716022491455]
[4530, 1.610561728477478]
[4531, 1.0956792831420898]
[4532, 1.6758835315704346]
[4533, 1.8810280561447144]
[4534, 1.762795090675354]
[4535, 1.8404937982559204]
[4536, 1.746678352355957]
[4537, 1.5476943254470825]
[4538, 1.8700627088546753]
[4539, 1.749466896057129]
[4540, 1.5919979810714722]
[4541, 1.8495056629180908]
[4542, 1.7260488271713257]
[4543, 1.8966197967529297]
[4544, 1.631121039390564]
[4545, 1.8800506591796875]
[4546, 1.7895653247833252]
[4547, 1.2407667636871338]
[4548, 1.4348289966583252]
[4549, 1.8579052686691284]
[4550, 1.512755274772644]
[4551, 1.735089898109436]
[4552, 1.7211579084396362]
[4553, 1.836737871170044]
[4554, 1.8577889204025269]
[4555, 1.4295061826705933]
[4556, 1.917916178703308]
[4557, 1.4693611860275269]
[4558, 1.7646549940109253]
[4559, 1.5786364078521729]
[4560, 1.7576509714126587]
[4561, 1.6748634576797485]
[4562, 1.676032304763794]
[4563, 1.8013451099395752]
[4564, 1.8084884881973267]
[4565, 1.7799824476242065]
[4566, 1.7369412183761597]
[4567, 1.8051414489746094]
[4568, 1.8832149505615234]
[4569, 1.8389503955841064]
[4570, 1.7634057998657227]
[4571, 1.154281497001648]
[4572, 1.8173311948776245]
[4573, 1.873885154724121]
[4574, 1.8662694692611694]
[4575, 1.811929702758789]
[4576, 1.8002971410751343]
[4577, 1.7643295526504517]
[4578, 1.8501805067062378]
[4579, 1.685916543006897]
[4580, 1.5975910425186157]
[4581, 1.8562172651290894]
[4582, 1.5734142065048218]
[4583, 1.7901089191436768]
[4584, 1.7532051801681519]
[4585, 1.9053840637207031]
[4586, 1.3790472745895386]
[4587, 1.8360462188720703]
[4588, 1.8008747100830078]
[4589, 1.7639988660812378]
[4590, 1.7776823043823242]
[4591, 1.729783296585083]
[4592, 1.3388575315475464]
[4593, 1.7349656820297241]
[4594, 1.322337031364441]
[4595, 1.6564174890518188]
[4596, 1.686952829360962]
[4597, 1.6196445226669312]
[4598, 1.8776851892471313]
[4599, 1.7728937864303589]
[4600, 1.319358468055725]
[4601, 1.2058814764022827]
[4602, 1.4719297885894775]
[4603, 1.6475311517715454]
[4604, 1.7211312055587769]
[4605, 1.8525049686431885]
[4606, 1.6452213525772095]
[4607, 1.830163598060608]
[4608, 1.886256456375122]
[4609, 1.7751598358154297]
[4610, 1.816488265991211]
[4611, 1.8212013244628906]
[4612, 1.7856556177139282]
[4613, 1.5699834823608398]
[4614, 1.8139828443527222]
[4615, 1.5109981298446655]
[4616, 1.8453091382980347]
[4617, 1.0123919248580933]
[4618, 1.4109500646591187]
[4619, 1.5401033163070679]
[4620, 1.6911035776138306]
[4621, 1.8827427625656128]
[4622, 1.7692397832870483]
[4623, 1.7766262292861938]
[4624, 1.8274086713790894]
[4625, 1.8307281732559204]
[4626, 1.7981643676757812]
[4627, 1.6247905492782593]
[4628, 1.6007674932479858]
[4629, 1.5985729694366455]
[4630, 1.71011221408844]
[4631, 1.8932117223739624]
[4632, 1.8107433319091797]
[4633, 1.51014244556427]
[4634, 1.7639553546905518]
[4635, 1.8758175373077393]
[4636, 1.85289466381073]
[4637, 1.8453514575958252]
[4638, 1.8553475141525269]
[4639, 1.8748582601547241]
[4640, 1.5483262538909912]
[4641, 1.8417942523956299]
[4642, 1.745308518409729]
[4643, 1.8640737533569336]
[4644, 1.7929023504257202]
[4645, 1.5577917098999023]
[4646, 1.6229122877120972]
[4647, 0.403590589761734]
[4648, 1.6483429670333862]
[4649, 1.769546389579773]
[4650, 1.8129991292953491]
[4651, 1.7774114608764648]
[4652, 1.7281105518341064]
[4653, 1.5472081899642944]
[4654, 1.6487820148468018]
[4655, 1.4933820962905884]
[4656, 1.7753340005874634]
[4657, 1.8061875104904175]
[4658, 1.7599060535430908]
[4659, 1.8278652429580688]
[4660, 1.6343965530395508]
[4661, 1.6786571741104126]
[4662, 1.5824415683746338]
[4663, 1.8845192193984985]
[4664, 1.2167757749557495]
[4665, 1.8424196243286133]
[4666, 1.7055606842041016]
[4667, 1.9057044982910156]
[4668, 1.522539496421814]
[4669, 1.7859410047531128]
[4670, 1.685376524925232]
[4671, 1.6465896368026733]
[4672, 1.8026121854782104]
[4673, 1.8936508893966675]
[4674, 1.3858718872070312]
[4675, 1.6994831562042236]
[4676, 1.8480459451675415]
[4677, 1.834781289100647]
[4678, 1.8041441440582275]
[4679, 1.629876732826233]
[4680, 1.7554305791854858]
[4681, 1.8196086883544922]
[4682, 1.2329334020614624]
[4683, 1.650222659111023]
[4684, 1.8563648462295532]
[4685, 1.8452304601669312]
[4686, 1.6313778162002563]
[4687, 1.8233206272125244]
[4688, 1.6669063568115234]
[4689, 1.8517650365829468]
[4690, 1.8714665174484253]
[4691, 1.7787704467773438]
[4692, 1.7148618698120117]
[4693, 1.2722597122192383]
[4694, 1.621238350868225]
[4695, 1.5169655084609985]
[4696, 1.747761607170105]
[4697, 1.5109680891036987]
[4698, 1.9113229513168335]
[4699, 1.7854713201522827]
[4700, 1.6271644830703735]
[4701, 1.769137978553772]
[4702, 1.2471476793289185]
[4703, 1.9196058511734009]
[4704, 1.220648169517517]
[4705, 1.7547582387924194]
[4706, 1.7865005731582642]
[4707, 1.8185681104660034]
[4708, 1.8857977390289307]
[4709, 1.8561630249023438]
[4710, 0.9154775738716125]
[4711, 1.5996774435043335]
[4712, 1.7938629388809204]
[4713, 1.1696051359176636]
[4714, 1.4772106409072876]
[4715, 1.6240357160568237]
[4716, 1.7248939275741577]
[4717, 1.7904284000396729]
[4718, 1.6981918811798096]
[4719, 1.8011105060577393]
[4720, 1.5017836093902588]
[4721, 1.761765718460083]
[4722, 1.659326434135437]
[4723, 1.806558609008789]
[4724, 1.8843433856964111]
[4725, 1.8270362615585327]
[4726, 1.8629730939865112]
[4727, 1.7191871404647827]
[4728, 1.703335165977478]
[4729, 1.769385576248169]
[4730, 1.631382942199707]
[4731, 1.7264117002487183]
[4732, 1.7398821115493774]
[4733, 1.7804454565048218]
[4734, 1.5590288639068604]
[4735, 1.7662067413330078]
[4736, 1.7709959745407104]
[4737, 1.7649544477462769]
[4738, 1.5955580472946167]
[4739, 1.4500190019607544]
[4740, 1.6254247426986694]
[4741, 1.7970978021621704]
[4742, 1.8089812994003296]
[4743, 1.603567361831665]
[4744, 1.6240214109420776]
[4745, 1.9050832986831665]
[4746, 1.5274122953414917]
[4747, 1.8009064197540283]
[4748, 1.8676389455795288]
[4749, 1.7863361835479736]
[4750, 1.6276127099990845]
[4751, 1.7370401620864868]
[4752, 1.3969379663467407]
[4753, 1.8506542444229126]
[4754, 1.807074785232544]
[4755, 1.9209507703781128]
[4756, 1.835618257522583]
[4757, 1.5705385208129883]
[4758, 1.8314751386642456]
[4759, 1.7759695053100586]
[4760, 1.692660927772522]
[4761, 1.8346153497695923]
[4762, 1.7595882415771484]
[4763, 1.811061143875122]
[4764, 1.1538912057876587]
[4765, 1.8342247009277344]
[4766, 1.658600091934204]
[4767, 1.8119007349014282]
[4768, 1.587854266166687]
[4769, 1.883309006690979]
[4770, 1.5126465559005737]
[4771, 1.8101004362106323]
[4772, 1.8422743082046509]
[4773, 1.7529348134994507]
[4774, 1.872565507888794]
[4775, 1.7435966730117798]
[4776, 1.8618770837783813]
[4777, 1.791015625]
[4778, 1.8985633850097656]
[4779, 1.7964369058609009]
[4780, 1.875374674797058]
[4781, 1.652415156364441]
[4782, 1.7258762121200562]
[4783, 1.8157768249511719]
[4784, 1.854168176651001]
[4785, 1.4638265371322632]
[4786, 1.6961822509765625]
[4787, 1.6052459478378296]
[4788, 1.399871587753296]
[4789, 1.496820092201233]
[4790, 1.8081387281417847]
[4791, 1.6280854940414429]
[4792, 1.859606385231018]
[4793, 1.6241174936294556]
[4794, 1.8507660627365112]
[4795, 1.834328532218933]
[4796, 1.731000304222107]
[4797, 1.798132300376892]
[4798, 1.6168159246444702]
[4799, 1.4068819284439087]
[4800, 1.5460423231124878]
[4801, 1.70050847530365]
[4802, 1.777242660522461]
[4803, 1.8262258768081665]
[4804, 1.7300256490707397]
[4805, 1.5180763006210327]
[4806, 1.728021264076233]
[4807, 1.7803058624267578]
[4808, 1.8440868854522705]
[4809, 1.578928828239441]
[4810, 1.9409620761871338]
[4811, 1.7052946090698242]
[4812, 1.8858616352081299]
[4813, 1.7192060947418213]
[4814, 1.7918989658355713]
[4815, 1.8931626081466675]
[4816, 1.843305230140686]
[4817, 1.7398433685302734]
[4818, 0.9462705850601196]
[4819, 1.8295783996582031]
[4820, 1.4988468885421753]
[4821, 1.58479905128479]
[4822, 1.6366913318634033]
[4823, 1.7570927143096924]
[4824, 1.7773517370224]
[4825, 1.8831297159194946]
[4826, 1.8505853414535522]
[4827, 1.797122597694397]
[4828, 1.5222272872924805]
[4829, 1.8135673999786377]
[4830, 1.486191749572754]
[4831, 1.6671924591064453]
[4832, 1.7913120985031128]
[4833, 1.7370636463165283]
[4834, 1.7884654998779297]
[4835, 1.5892130136489868]
[4836, 1.5832853317260742]
[4837, 1.6684471368789673]
[4838, 1.7474035024642944]
[4839, 1.8043060302734375]
[4840, 1.893310546875]
[4841, 1.458939552307129]
[4842, 1.8303905725479126]
[4843, 1.857720971107483]
[4844, 1.6352306604385376]
[4845, 1.6310402154922485]
[4846, 1.7045634984970093]
[4847, 1.6572822332382202]
[4848, 1.7995284795761108]
[4849, 1.7646955251693726]
[4850, 1.7214927673339844]
[4851, 1.416547179222107]
[4852, 1.831292748451233]
[4853, 1.8499714136123657]
[4854, 1.0065363645553589]
[4855, 1.861232042312622]
[4856, 1.911579966545105]
[4857, 1.764851450920105]
[4858, 1.8114336729049683]
[4859, 1.72968327999115]
[4860, 1.289650321006775]
[4861, 1.8190616369247437]
[4862, 1.642604112625122]
[4863, 1.8137420415878296]
[4864, 1.510043978691101]
[4865, 1.423842191696167]
[4866, 1.7399581670761108]
[4867, 1.8659204244613647]
[4868, 1.8063257932662964]
[4869, 1.6892212629318237]
[4870, 1.7282383441925049]
[4871, 1.2664202451705933]
[4872, 1.900448203086853]
[4873, 1.8719733953475952]
[4874, 1.6522982120513916]
[4875, 1.8644927740097046]
[4876, 1.7592447996139526]
[4877, 1.7772858142852783]
[4878, 1.7906064987182617]
[4879, 1.6750593185424805]
[4880, 1.7342857122421265]
[4881, 0.8796106576919556]
[4882, 1.7127093076705933]
[4883, 1.8513736724853516]
[4884, 1.7743695974349976]
[4885, 1.8168658018112183]
[4886, 1.8040119409561157]
[4887, 1.6752055883407593]
[4888, 1.890281319618225]
[4889, 1.7207260131835938]
[4890, 1.8611477613449097]
[4891, 1.8783142566680908]
[4892, 1.5971697568893433]
[4893, 1.7328523397445679]
[4894, 1.798362135887146]
[4895, 0.9799313545227051]
[4896, 1.187789797782898]
[4897, 1.8104240894317627]
[4898, 1.7484883069992065]
[4899, 1.8805474042892456]
[4900, 1.8528088331222534]
[4901, 1.912077784538269]
[4902, 1.8079168796539307]
[4903, 1.4856350421905518]
[4904, 0.8702741861343384]
[4905, 1.6785649061203003]
[4906, 1.8162120580673218]
[4907, 1.7989476919174194]
[4908, 1.651823878288269]
[4909, 1.8685072660446167]
[4910, 1.694026231765747]
[4911, 1.8189438581466675]
[4912, 1.094573736190796]
[4913, 1.782077431678772]
[4914, 1.721587061882019]
[4915, 1.8734750747680664]
[4916, 1.1507481336593628]
[4917, 1.8780593872070312]
[4918, 1.7781985998153687]
[4919, 1.715928316116333]
[4920, 1.7985416650772095]
[4921, 1.728359580039978]
[4922, 1.8208452463150024]
[4923, 1.1276148557662964]
[4924, 1.563635230064392]
[4925, 1.723944902420044]
[4926, 1.8400497436523438]
[4927, 1.8814258575439453]
[4928, 1.645114779472351]
[4929, 1.0405378341674805]
[4930, 1.8269728422164917]
[4931, 1.6819616556167603]
[4932, 1.789176344871521]
[4933, 1.7790144681930542]
[4934, 1.7057632207870483]
[4935, 1.7207530736923218]
[4936, 1.8124980926513672]
[4937, 1.3364349603652954]
[4938, 1.7949535846710205]
[4939, 1.7519645690917969]
[4940, 1.8149054050445557]
[4941, 1.8593670129776]
[4942, 1.9126380681991577]
[4943, 1.7538608312606812]
[4944, 1.7438328266143799]
[4945, 1.4756401777267456]
[4946, 1.8843857049942017]
[4947, 1.6191368103027344]
[4948, 1.8519115447998047]
[4949, 1.7362955808639526]
[4950, 1.9533919095993042]
[4951, 1.852921724319458]
[4952, 1.8641546964645386]
[4953, 1.844835638999939]
[4954, 1.9058796167373657]
[4955, 1.5742080211639404]
[4956, 0.9054033160209656]
[4957, 1.6742585897445679]
[4958, 1.6622437238693237]
[4959, 1.8051847219467163]
[4960, 1.7617931365966797]
[4961, 1.7744140625]
[4962, 1.892203688621521]
[4963, 1.388069987297058]
[4964, 1.7541698217391968]
[4965, 1.8670530319213867]
[4966, 1.9107979536056519]
[4967, 1.8825790882110596]
[4968, 1.8248863220214844]
[4969, 1.8637255430221558]
[4970, 1.2935688495635986]
[4971, 1.6454185247421265]
[4972, 1.7815707921981812]
[4973, 1.8297516107559204]
[4974, 1.8128416538238525]
[4975, 1.7892563343048096]
[4976, 0.7239623069763184]
[4977, 1.6137112379074097]
[4978, 1.7560077905654907]
[4979, 1.8137991428375244]
[4980, 1.7761348485946655]
[4981, 1.3366461992263794]
[4982, 1.4522024393081665]
[4983, 1.7773336172103882]
[4984, 1.8780475854873657]
[4985, 1.6425297260284424]
[4986, 1.839807391166687]
[4987, 1.5718599557876587]
[4988, 1.3637055158615112]
[4989, 1.8756675720214844]
[4990, 1.7407410144805908]
[4991, 1.7784889936447144]
[4992, 1.5957552194595337]
[4993, 1.9050521850585938]
[4994, 1.7776092290878296]
[4995, 1.7369250059127808]
[4996, 1.328790545463562]
[4997, 1.615228533744812]
[4998, 1.8764084577560425]
[4999, 1.7035108804702759]
[5000, 1.7142587900161743]
[5001, 1.8346937894821167]
[5002, 1.8443821668624878]
[5003, 1.6906627416610718]
[5004, 1.7444736957550049]
[5005, 1.7593752145767212]
[5006, 1.438024878501892]
[5007, 1.1315726041793823]
[5008, 1.7714251279830933]
[5009, 1.3226028680801392]
[5010, 1.5952214002609253]
[5011, 1.9122673273086548]
[5012, 1.638161540031433]
[5013, 1.5960630178451538]
[5014, 1.789021372795105]
[5015, 1.8630081415176392]
[5016, 1.5892847776412964]
[5017, 1.7619965076446533]
[5018, 1.3726142644882202]
[5019, 1.7779124975204468]
[5020, 1.7969051599502563]
[5021, 1.8742027282714844]
[5022, 1.745707392692566]
[5023, 1.663993239402771]
[5024, 1.8297849893569946]
[5025, 1.7262967824935913]
[5026, 1.7963861227035522]
[5027, 1.6532779932022095]
[5028, 1.5323255062103271]
[5029, 1.8332405090332031]
[5030, 1.7739276885986328]
[5031, 1.7379125356674194]
[5032, 1.5104206800460815]
[5033, 1.88335382938385]
[5034, 1.547241449356079]
[5035, 1.680362343788147]
[5036, 1.9227482080459595]
[5037, 1.8417701721191406]
[5038, 1.875981330871582]
[5039, 1.7873519659042358]
[5040, 1.8110698461532593]
[5041, 1.8521932363510132]
[5042, 1.5899070501327515]
[5043, 1.7980703115463257]
[5044, 1.7643638849258423]
[5045, 1.5567054748535156]
[5046, 1.7453062534332275]
[5047, 1.8521900177001953]
[5048, 1.8239163160324097]
[5049, 1.7406891584396362]
[5050, 1.8264223337173462]
[5051, 1.8680328130722046]
[5052, 1.2303962707519531]
[5053, 1.7485369443893433]
[5054, 1.7584030628204346]
[5055, 1.665236473083496]
[5056, 1.7666505575180054]
[5057, 1.849134087562561]
[5058, 1.581917643547058]
[5059, 1.7950429916381836]
[5060, 1.5777963399887085]
[5061, 1.7425378561019897]
[5062, 1.6334902048110962]
[5063, 1.6551321744918823]
[5064, 1.5960720777511597]
[5065, 1.7770007848739624]
[5066, 1.7909380197525024]
[5067, 1.8392820358276367]
[5068, 1.3809903860092163]
[5069, 1.8779066801071167]
[5070, 1.8324435949325562]
[5071, 1.860258936882019]
[5072, 1.8779048919677734]
[5073, 1.4634445905685425]
[5074, 1.9207006692886353]
[5075, 1.946215033531189]
[5076, 1.8189098834991455]
[5077, 1.859049677848816]
[5078, 1.8743727207183838]
[5079, 1.6269229650497437]
[5080, 1.9260685443878174]
[5081, 1.8919967412948608]
[5082, 1.8658459186553955]
[5083, 1.8903337717056274]
[5084, 1.9078785181045532]
[5085, 1.8340997695922852]
[5086, 1.5276272296905518]
[5087, 1.5932769775390625]
[5088, 1.668578028678894]
[5089, 1.6153894662857056]
[5090, 1.833308458328247]
[5091, 1.8323509693145752]
[5092, 1.7732635736465454]
[5093, 1.7374019622802734]
[5094, 1.8539644479751587]
[5095, 1.746738314628601]
[5096, 1.637550950050354]
[5097, 1.6264547109603882]
[5098, 1.6309330463409424]
[5099, 1.830331802368164]
[5100, 1.628572702407837]
[5101, 1.2392443418502808]
[5102, 1.719314455986023]
[5103, 1.7707432508468628]
[5104, 1.79814875125885]
[5105, 1.8687890768051147]
[5106, 1.4897907972335815]
[5107, 1.8104149103164673]
[5108, 1.4775649309158325]
[5109, 1.9067047834396362]
[5110, 1.8000324964523315]
[5111, 1.8688877820968628]
[5112, 1.8341865539550781]
[5113, 1.855646014213562]
[5114, 1.8124068975448608]
[5115, 1.9069483280181885]
[5116, 1.7789487838745117]
[5117, 1.84467351436615]
[5118, 1.4235342741012573]
[5119, 1.4411636590957642]
[5120, 1.7893043756484985]
[5121, 1.8397819995880127]
[5122, 1.7408113479614258]
[5123, 1.7305649518966675]
[5124, 1.6953948736190796]
[5125, 1.7056645154953003]
[5126, 1.8963279724121094]
[5127, 1.6481612920761108]
[5128, 1.6290607452392578]
[5129, 1.89874267578125]
[5130, 1.8018378019332886]
[5131, 1.8146610260009766]
[5132, 1.7198299169540405]
[5133, 1.9494329690933228]
[5134, 1.873342752456665]
[5135, 1.7526298761367798]
[5136, 1.8751205205917358]
[5137, 1.240438461303711]
[5138, 1.7655988931655884]
[5139, 1.909556269645691]
[5140, 1.9402992725372314]
[5141, 1.872147560119629]
[5142, 1.5151666402816772]
[5143, 1.5175660848617554]
[5144, 1.8374935388565063]
[5145, 1.8619581460952759]
[5146, 1.6557537317276]
[5147, 1.7371946573257446]
[5148, 1.5334051847457886]
[5149, 1.2768514156341553]
[5150, 1.9112924337387085]
[5151, 1.2906402349472046]
[5152, 1.7812563180923462]
[5153, 1.806768774986267]
[5154, 1.9042835235595703]
[5155, 1.76109778881073]
[5156, 1.8851101398468018]
[5157, 1.6819969415664673]
[5158, 1.8344383239746094]
[5159, 1.8431472778320312]
[5160, 1.812954306602478]
[5161, 1.8040077686309814]
[5162, 1.883285403251648]
[5163, 1.546723484992981]
[5164, 1.727169394493103]
[5165, 1.813516616821289]
[5166, 1.869635820388794]
[5167, 1.492571234703064]
[5168, 1.7796452045440674]
[5169, 1.5415517091751099]
[5170, 1.7753877639770508]
[5171, 1.8310703039169312]
[5172, 1.7040722370147705]
[5173, 1.5907679796218872]
[5174, 1.693600058555603]
[5175, 1.874369502067566]
[5176, 1.8507702350616455]
[5177, 1.582423210144043]
[5178, 1.6618502140045166]
[5179, 1.7747911214828491]
[5180, 1.7805331945419312]
[5181, 1.8883846998214722]
[5182, 1.6556694507598877]
[5183, 1.8405113220214844]
[5184, 1.50031316280365]
[5185, 1.8315929174423218]
[5186, 1.887614130973816]
[5187, 1.7515743970870972]
[5188, 1.7317752838134766]
[5189, 1.5956244468688965]
[5190, 1.7972220182418823]
[5191, 1.818137764930725]
[5192, 1.5790094137191772]
[5193, 1.8088722229003906]
[5194, 1.3516215085983276]
[5195, 1.7454134225845337]
[5196, 1.8489315509796143]
[5197, 1.6073238849639893]
[5198, 1.9007580280303955]
[5199, 1.798746109008789]
[5200, 1.6433252096176147]
[5201, 1.8714054822921753]
[5202, 1.817439317703247]
[5203, 1.83831787109375]
[5204, 1.84584641456604]
[5205, 1.8888988494873047]
[5206, 1.860231637954712]
[5207, 1.5830398797988892]
[5208, 1.3294757604599]
[5209, 1.8493671417236328]
[5210, 1.9310216903686523]
[5211, 1.8765007257461548]
[5212, 1.8241541385650635]
[5213, 1.920744776725769]
[5214, 1.8422367572784424]
[5215, 1.7863272428512573]
[5216, 1.862051010131836]
[5217, 1.8547981977462769]
[5218, 1.7989221811294556]
[5219, 1.83232581615448]
[5220, 1.831154465675354]
[5221, 1.8276537656784058]
[5222, 1.8963863849639893]
[5223, 1.8608719110488892]
[5224, 1.603420615196228]
[5225, 1.820603609085083]
[5226, 1.7798213958740234]
[5227, 1.8967933654785156]
[5228, 1.78949773311615]
[5229, 1.926896095275879]
[5230, 1.6382557153701782]
[5231, 1.8775970935821533]
[5232, 1.6183193922042847]
[5233, 1.6632740497589111]
[5234, 1.8630303144454956]
[5235, 1.7871440649032593]
[5236, 1.7692266702651978]
[5237, 1.3664358854293823]
[5238, 1.6144500970840454]
[5239, 1.8377364873886108]
[5240, 1.7845863103866577]
[5241, 1.8529754877090454]
[5242, 1.8727024793624878]
[5243, 1.87984299659729]
[5244, 1.8367325067520142]
[5245, 1.7384140491485596]
[5246, 1.775580644607544]
[5247, 1.8921724557876587]
[5248, 1.7998636960983276]
[5249, 1.8294225931167603]
[5250, 1.804931640625]
[5251, 1.5779250860214233]
[5252, 1.65672767162323]
[5253, 1.874142050743103]
[5254, 1.8082889318466187]
[5255, 1.9458115100860596]
[5256, 1.610493540763855]
[5257, 1.8190853595733643]
[5258, 1.7611786127090454]
[5259, 1.818987250328064]
[5260, 1.5834786891937256]
[5261, 1.8106921911239624]
[5262, 1.8934131860733032]
[5263, 1.320376992225647]
[5264, 1.3919512033462524]
[5265, 1.9201602935791016]
[5266, 1.715132713317871]
[5267, 1.8932732343673706]
[5268, 1.7644786834716797]
[5269, 1.8320608139038086]
[5270, 1.786358118057251]
[5271, 1.7515543699264526]
[5272, 1.7008618116378784]
[5273, 1.838932991027832]
[5274, 1.7314742803573608]
[5275, 1.9061508178710938]
[5276, 1.874354600906372]
[5277, 1.7562662363052368]
[5278, 1.7954996824264526]
[5279, 1.9274942874908447]
[5280, 1.8179981708526611]
[5281, 1.855249047279358]
[5282, 1.871321678161621]
[5283, 1.3632211685180664]
[5284, 1.8104358911514282]
[5285, 1.8049782514572144]
[5286, 1.725439429283142]
[5287, 1.6791706085205078]
[5288, 1.905396819114685]
[5289, 1.918068289756775]
[5290, 1.8264979124069214]
[5291, 1.7860218286514282]
[5292, 1.1698906421661377]
[5293, 1.7775541543960571]
[5294, 1.7928575277328491]
[5295, 1.5638892650604248]
[5296, 1.6490834951400757]
[5297, 1.5225776433944702]
[5298, 1.722002387046814]
[5299, 1.8826875686645508]
[5300, 1.6913528442382812]
[5301, 1.6820499897003174]
[5302, 1.5574737787246704]
[5303, 1.9211748838424683]
[5304, 1.8940136432647705]
[5305, 1.9155088663101196]
[5306, 1.7040951251983643]
[5307, 1.9264484643936157]
[5308, 1.5543733835220337]
[5309, 1.7817462682724]
[5310, 1.78497314453125]
[5311, 1.6554492712020874]
[5312, 1.7811440229415894]
[5313, 1.812658667564392]
[5314, 1.6781038045883179]
[5315, 1.7825130224227905]
[5316, 1.5659637451171875]
[5317, 1.6528446674346924]
[5318, 1.8653892278671265]
[5319, 1.8915340900421143]
[5320, 1.6017894744873047]
[5321, 1.8011826276779175]
[5322, 1.6705814599990845]
[5323, 1.7911185026168823]
[5324, 1.8438827991485596]
[5325, 1.86502206325531]
[5326, 1.221680760383606]
[5327, 1.8382762670516968]
[5328, 1.9033259153366089]
[5329, 1.6750614643096924]
[5330, 1.8910526037216187]
[5331, 1.8817497491836548]
[5332, 1.5872390270233154]
[5333, 1.791751503944397]
[5334, 1.8325451612472534]
[5335, 1.7553017139434814]
[5336, 1.5391098260879517]
[5337, 1.8972225189208984]
[5338, 1.9062918424606323]
[5339, 1.8233280181884766]
[5340, 1.9218273162841797]
[5341, 1.7182800769805908]
[5342, 1.893455147743225]
[5343, 1.6987594366073608]
[5344, 1.8466507196426392]
[5345, 1.7752361297607422]
[5346, 1.9028056859970093]
[5347, 1.8521946668624878]
[5348, 1.5951582193374634]
[5349, 1.4287766218185425]
[5350, 1.7851756811141968]
[5351, 1.7087639570236206]
[5352, 1.7712576389312744]
[5353, 1.9259365797042847]
[5354, 1.937930941581726]
[5355, 1.6734901666641235]
[5356, 1.605292558670044]
[5357, 1.8900498151779175]
[5358, 0.9665479063987732]
[5359, 1.4087836742401123]
[5360, 1.833825707435608]
[5361, 1.7440578937530518]
[5362, 1.852900743484497]
[5363, 1.6876131296157837]
[5364, 1.8452796936035156]
[5365, 1.8573505878448486]
[5366, 1.8255268335342407]
[5367, 1.215532898902893]
[5368, 1.9067630767822266]
[5369, 1.8092669248580933]
[5370, 1.548835277557373]
[5371, 1.8181427717208862]
[5372, 1.1594237089157104]
[5373, 1.8963464498519897]
[5374, 1.1866474151611328]
[5375, 1.702121376991272]
[5376, 1.789657473564148]
[5377, 1.671595811843872]
[5378, 1.758966088294983]
[5379, 0.9002690315246582]
[5380, 1.811766505241394]
[5381, 1.776627540588379]
[5382, 0.5086165070533752]
[5383, 1.8800935745239258]
[5384, 1.8960411548614502]
[5385, 1.8759567737579346]
[5386, 1.8735522031784058]
[5387, 1.8432979583740234]
[5388, 1.8348610401153564]
[5389, 1.7284023761749268]
[5390, 1.5595247745513916]
[5391, 1.7585455179214478]
[5392, 1.7502716779708862]
[5393, 1.8284128904342651]
[5394, 1.9058315753936768]
[5395, 1.9189995527267456]
[5396, 1.7904876470565796]
[5397, 1.8532606363296509]
[5398, 1.8362125158309937]
[5399, 1.5447502136230469]
[5400, 1.6795361042022705]
[5401, 1.8041938543319702]
[5402, 1.8320564031600952]
[5403, 1.8214696645736694]
[5404, 1.3922736644744873]
[5405, 1.742166519165039]
[5406, 1.8126286268234253]
[5407, 1.8216526508331299]
[5408, 1.7218097448349]
[5409, 1.8473777770996094]
[5410, 1.4632920026779175]
[5411, 1.6326745748519897]
[5412, 0.9974414706230164]
[5413, 1.8802902698516846]
[5414, 1.8887420892715454]
[5415, 1.7373064756393433]
[5416, 1.9241249561309814]
[5417, 1.8670778274536133]
[5418, 1.6863399744033813]
[5419, 1.9166673421859741]
[5420, 1.7502307891845703]
[5421, 1.0396441221237183]
[5422, 1.7162889242172241]
[5423, 1.757822871208191]
[5424, 1.8341976404190063]
[5425, 1.492586374282837]
[5426, 1.5187807083129883]
[5427, 1.7571156024932861]
[5428, 1.8998788595199585]
[5429, 1.9082815647125244]
[5430, 1.835587739944458]
[5431, 1.8360176086425781]
[5432, 1.8718303442001343]
[5433, 1.9062169790267944]
[5434, 1.9029514789581299]
[5435, 1.7856725454330444]
[5436, 1.9332752227783203]
[5437, 1.928365707397461]
[5438, 1.917104721069336]
[5439, 1.7648147344589233]
[5440, 1.6940689086914062]
[5441, 1.8227814435958862]
[5442, 1.5261813402175903]
[5443, 1.8531017303466797]
[5444, 1.7689398527145386]
[5445, 1.6857026815414429]
[5446, 1.8981207609176636]
[5447, 1.9177017211914062]
[5448, 1.912843108177185]
[5449, 1.7107048034667969]
[5450, 1.5703556537628174]
[5451, 1.5131415128707886]
[5452, 1.7869768142700195]
[5453, 1.909897804260254]
[5454, 1.9413000345230103]
[5455, 1.8396068811416626]
[5456, 1.884628176689148]
[5457, 1.8726478815078735]
[5458, 1.7808458805084229]
[5459, 1.7533944845199585]
[5460, 1.8444401025772095]
[5461, 1.852251410484314]
[5462, 1.7386630773544312]
[5463, 1.836190104484558]
[5464, 1.6831591129302979]
[5465, 1.6408687829971313]
[5466, 1.7733300924301147]
[5467, 0.8875277638435364]
[5468, 1.7696510553359985]
[5469, 1.8759647607803345]
[5470, 1.922092080116272]
[5471, 1.7825069427490234]
[5472, 1.6335703134536743]
[5473, 1.767801284790039]
[5474, 1.8036826848983765]
[5475, 1.8262075185775757]
[5476, 1.9214880466461182]
[5477, 1.7960608005523682]
[5478, 0.6305734515190125]
[5479, 1.9366954565048218]
[5480, 1.7201899290084839]
[5481, 1.7974900007247925]
[5482, 1.8832043409347534]
[5483, 1.8937753438949585]
[5484, 1.8534393310546875]
[5485, 1.8151262998580933]
[5486, 1.918552041053772]
[5487, 1.519315242767334]
[5488, 1.7495349645614624]
[5489, 1.7863330841064453]
[5490, 1.9014376401901245]
[5491, 1.9288866519927979]
[5492, 1.8800220489501953]
[5493, 1.747515320777893]
[5494, 1.7552343606948853]
[5495, 1.2359822988510132]
[5496, 1.5991140604019165]
[5497, 1.8357990980148315]
[5498, 1.9107239246368408]
[5499, 1.6238540410995483]
[5500, 1.8273261785507202]
[5501, 1.7422382831573486]
[5502, 1.583261489868164]
[5503, 1.622489333152771]
[5504, 1.9361135959625244]
[5505, 1.8928470611572266]
[5506, 1.5992695093154907]
[5507, 1.8394947052001953]
[5508, 1.8810163736343384]
[5509, 1.8083257675170898]
[5510, 1.662310242652893]
[5511, 1.898281455039978]
[5512, 1.9081878662109375]
[5513, 1.867194414138794]
[5514, 1.9478495121002197]
[5515, 1.792562484741211]
[5516, 1.8416328430175781]
[5517, 1.784186601638794]
[5518, 1.7213443517684937]
[5519, 1.9267399311065674]
[5520, 1.8778533935546875]
[5521, 1.366315245628357]
[5522, 1.9070698022842407]
[5523, 1.8585690259933472]
[5524, 1.8793604373931885]
[5525, 1.8451603651046753]
[5526, 1.839809775352478]
[5527, 1.8332360982894897]
[5528, 1.815521240234375]
[5529, 1.753133773803711]
[5530, 1.8678375482559204]
[5531, 1.8020107746124268]
[5532, 1.842691421508789]
[5533, 1.9132776260375977]
[5534, 1.9408081769943237]
[5535, 1.802209496498108]
[5536, 1.924472689628601]
[5537, 1.6213849782943726]
[5538, 1.766103744506836]
[5539, 1.5268744230270386]
[5540, 1.7390578985214233]
[5541, 1.813288927078247]
[5542, 1.8103229999542236]
[5543, 1.8442535400390625]
[5544, 1.7078841924667358]
[5545, 1.7709064483642578]
[5546, 1.842142939567566]
[5547, 1.922683596611023]
[5548, 1.8526219129562378]
[5549, 1.805841326713562]
[5550, 1.8648689985275269]
[5551, 1.7316932678222656]
[5552, 1.724774718284607]
[5553, 1.7218008041381836]
[5554, 1.7635087966918945]
[5555, 1.7989128828048706]
[5556, 1.3407632112503052]
[5557, 1.8862504959106445]
[5558, 1.7824667692184448]
[5559, 1.7319433689117432]
[5560, 1.8960456848144531]
[5561, 1.8975565433502197]
[5562, 1.8932571411132812]
[5563, 1.7703253030776978]
[5564, 1.8819118738174438]
[5565, 1.79869544506073]
[5566, 1.5850633382797241]
[5567, 1.5265575647354126]
[5568, 1.6818437576293945]
[5569, 1.834449052810669]
[5570, 1.918801188468933]
[5571, 1.8645858764648438]
[5572, 1.608313798904419]
[5573, 1.8142712116241455]
[5574, 1.7348600625991821]
[5575, 1.897943377494812]
[5576, 1.6874983310699463]
[5577, 1.8086624145507812]
[5578, 1.6874653100967407]
[5579, 1.889029860496521]
[5580, 0.6346235275268555]
[5581, 1.8392428159713745]
[5582, 1.7305936813354492]
[5583, 1.3006885051727295]
[5584, 1.5861951112747192]
[5585, 1.8384796380996704]
[5586, 1.8917328119277954]
[5587, 1.7919399738311768]
[5588, 1.5371590852737427]
[5589, 1.905648112297058]
[5590, 1.8441412448883057]
[5591, 1.7365185022354126]
[5592, 1.8781185150146484]
[5593, 1.8500919342041016]
[5594, 0.8503519296646118]
[5595, 1.692525863647461]
[5596, 1.8694870471954346]
[5597, 1.7852039337158203]
[5598, 1.835857629776001]
[5599, 1.82058846950531]
[5600, 1.7692444324493408]
[5601, 1.8368873596191406]
[5602, 1.7927745580673218]
[5603, 1.9076957702636719]
[5604, 1.6587985754013062]
[5605, 1.6664409637451172]
[5606, 1.8750717639923096]
[5607, 1.7955740690231323]
[5608, 1.8421674966812134]
[5609, 1.7110384702682495]
[5610, 1.8300790786743164]
[5611, 1.8386033773422241]
[5612, 1.8623247146606445]
[5613, 1.8423699140548706]
[5614, 1.9013088941574097]
[5615, 1.628204345703125]
[5616, 1.8518333435058594]
[5617, 1.8937615156173706]
[5618, 1.5591096878051758]
[5619, 1.8623729944229126]
[5620, 1.9061211347579956]
[5621, 1.9177219867706299]
[5622, 1.8968473672866821]
[5623, 1.7107127904891968]
[5624, 1.8042442798614502]
[5625, 1.6301720142364502]
[5626, 1.8186066150665283]
[5627, 1.9100862741470337]
[5628, 1.7760295867919922]
[5629, 1.7649911642074585]
[5630, 1.9107908010482788]
[5631, 1.6249351501464844]
[5632, 1.9120301008224487]
[5633, 1.8857202529907227]
[5634, 0.9493396878242493]
[5635, 1.7385011911392212]
[5636, 1.2736295461654663]
[5637, 1.6503746509552002]
[5638, 1.8919700384140015]
[5639, 1.7101452350616455]
[5640, 1.451933741569519]
[5641, 1.858428955078125]
[5642, 1.882393479347229]
[5643, 1.5733356475830078]
[5644, 1.8858028650283813]
[5645, 1.907631754875183]
[5646, 1.7335323095321655]
[5647, 1.849791407585144]
[5648, 1.9347460269927979]
[5649, 1.7759140729904175]
[5650, 1.6994373798370361]
[5651, 1.8209905624389648]
[5652, 1.8960002660751343]
[5653, 1.6179087162017822]
[5654, 0.8704319000244141]
[5655, 1.8288307189941406]
[5656, 1.783462405204773]
[5657, 1.9407141208648682]
[5658, 1.772332787513733]
[5659, 1.7672497034072876]
[5660, 1.8697509765625]
[5661, 1.8781718015670776]
[5662, 1.716413140296936]
[5663, 1.9012020826339722]
[5664, 1.819648027420044]
[5665, 1.7944215536117554]
[5666, 1.7982324361801147]
[5667, 1.8347686529159546]
[5668, 1.7552251815795898]
[5669, 1.6330398321151733]
[5670, 1.854019045829773]
[5671, 1.8213443756103516]
[5672, 1.7012100219726562]
[5673, 1.851195216178894]
[5674, 1.8589626550674438]
[5675, 1.6538501977920532]
[5676, 1.032537817955017]
[5677, 1.78436279296875]
[5678, 1.886142373085022]
[5679, 1.8883835077285767]
[5680, 1.86068594455719]
[5681, 1.8197717666625977]
[5682, 1.653328776359558]
[5683, 1.7169893980026245]
[5684, 1.8485565185546875]
[5685, 1.5944411754608154]
[5686, 1.4293197393417358]
[5687, 1.8433618545532227]
[5688, 1.8636528253555298]
[5689, 1.788533091545105]
[5690, 1.8182811737060547]
[5691, 1.7276920080184937]
[5692, 1.7387703657150269]
[5693, 1.9336057901382446]
[5694, 1.870733618736267]
[5695, 1.877010703086853]
[5696, 1.8516571521759033]
[5697, 1.5803507566452026]
[5698, 1.5693466663360596]
[5699, 1.8060181140899658]
[5700, 1.8117420673370361]
